gender,trm_cde,department,delivery,ath_team_member,grade,hours_attempted,hours_earned,career_gpa,sum,average_creditsper_year,count
1,1,14,0,1,15,0,0,2.87,160,40,72
1,1,14,0,1,13,0,0,2.87,160,40,72
1,1,16,0,1,5,1,1,2.87,160,40,72
1,1,27,0,1,7,3,3,2.87,160,40,72
1,1,50,0,1,4,3,3,2.87,160,40,72
1,1,55,0,1,4,3,3,2.87,160,40,72
1,1,64,0,1,4,3,3,2.87,160,40,72
1,2,13,0,1,2,3,3,2.87,160,40,72
1,2,14,0,1,15,0,0,2.87,160,40,72
1,2,30,0,1,8,4,4,2.87,160,40,72
1,2,32,0,1,10,3,3,2.87,160,40,72
1,2,33,0,1,7,3,3,2.87,160,40,72
1,2,39,0,1,4,3,3,2.87,160,40,72
1,2,53,0,1,1,1,1,2.87,160,40,72
1,4,14,0,1,13,0,0,2.87,160,40,72
1,4,42,0,1,4,1,1,2.87,160,40,72
1,4,53,0,1,1,1,1,2.87,160,40,72
1,4,55,0,1,4,3,3,2.87,160,40,72
1,4,58,0,1,5,3,3,2.87,160,40,72
1,4,64,3,1,8,3,3,2.87,160,40,72
1,1,9,0,1,5,3,3,2.87,160,40,72
1,1,9,0,1,9,3,3,2.87,160,40,72
1,1,14,0,1,15,0,0,2.87,160,40,72
1,1,33,0,1,15,3,3,2.87,160,40,72
1,1,39,0,1,6,3,3,2.87,160,40,72
1,4,10,0,1,0,3,3,2.87,160,40,72
1,4,14,0,1,13,0,0,2.87,160,40,72
1,4,33,0,1,15,3,3,2.87,160,40,72
1,4,43,0,1,5,1,1,2.87,160,40,72
1,4,50,3,1,8,3,3,2.87,160,40,72
1,4,52,0,1,7,3,3,2.87,160,40,72
1,1,0,0,1,0,3,3,2.87,160,40,72
1,1,7,0,1,12,3,3,2.87,160,40,72
1,1,9,0,1,8,3,3,2.87,160,40,72
1,1,10,0,1,4,3,3,2.87,160,40,72
1,1,14,0,1,15,0,0,2.87,160,40,72
1,1,18,0,1,7,3,3,2.87,160,40,72
1,1,43,2,1,0,1,1,2.87,160,40,72
1,2,9,0,1,2,3,3,2.87,160,40,72
1,2,9,0,1,6,3,3,2.87,160,40,72
1,2,9,0,1,4,3,3,2.87,160,40,72
1,2,14,0,1,15,0,0,2.87,160,40,72
1,2,18,0,1,4,3,3,2.87,160,40,72
1,4,0,0,1,4,3,3,2.87,160,40,72
1,4,7,0,1,7,3,3,2.87,160,40,72
1,4,7,3,1,10,3,3,2.87,160,40,72
1,4,10,0,1,8,3,3,2.87,160,40,72
1,4,14,0,1,15,0,0,2.87,160,40,72
1,4,22,0,1,7,3,3,2.87,160,40,72
1,4,59,0,1,8,3,3,2.87,160,40,72
1,0,9,0,1,4,3,3,2.87,160,40,72
1,0,9,0,1,5,3,3,2.87,160,40,72
1,0,14,0,1,15,0,0,2.87,160,40,72
1,0,14,0,1,15,0,0,2.87,160,40,72
1,0,39,0,1,8,3,3,2.87,160,40,72
1,0,61,0,1,5,3,3,2.87,160,40,72
1,5,9,0,1,0,3,3,2.87,160,40,72
1,5,9,0,1,0,3,3,2.87,160,40,72
1,5,9,0,1,4,3,3,2.87,160,40,72
1,5,14,0,1,15,0,0,2.87,160,40,72
1,5,15,0,1,2,3,3,2.87,160,40,72
1,0,7,0,1,4,3,3,2.87,160,40,72
1,0,9,0,1,4,3,3,2.87,160,40,72
1,0,9,0,1,4,3,3,2.87,160,40,72
1,0,9,0,1,15,3,3,2.87,160,40,72
1,0,14,0,1,13,0,0,2.87,160,40,72
1,5,9,0,1,0,3,3,2.87,160,40,72
1,5,9,0,1,15,3,3,2.87,160,40,72
1,5,9,0,1,0,3,3,2.87,160,40,72
1,5,45,0,1,2,3,3,2.87,160,40,72
0,1,10,0,1,0,3,3,3.69,172,43,77
0,1,14,0,1,15,0,0,3.69,172,43,77
0,1,16,0,1,0,1,1,3.69,172,43,77
0,1,55,0,1,2,3,3,3.69,172,43,77
0,1,59,0,1,1,3,3,3.69,172,43,77
0,1,64,0,1,2,3,3,3.69,172,43,77
0,2,13,0,1,1,3,3,3.69,172,43,77
0,2,14,0,1,15,0,0,3.69,172,43,77
0,2,27,0,1,2,3,3,3.69,172,43,77
0,2,39,0,1,0,3,3,3.69,172,43,77
0,2,42,0,1,0,1,1,3.69,172,43,77
0,2,52,3,1,0,3,3,3.69,172,43,77
0,2,59,0,1,0,2,2,3.69,172,43,77
0,2,59,0,1,4,1,1,3.69,172,43,77
0,4,9,0,1,0,3,3,3.69,172,43,77
0,4,14,0,1,15,0,0,3.69,172,43,77
0,4,39,0,1,0,3,3,3.69,172,43,77
0,4,50,0,1,2,3,3,3.69,172,43,77
0,4,61,0,1,0,3,3,3.69,172,43,77
0,4,64,3,1,5,3,3,3.69,172,43,77
0,1,9,0,1,5,3,3,3.69,172,43,77
0,1,9,0,1,4,3,3,3.69,172,43,77
0,1,14,0,1,15,0,0,3.69,172,43,77
0,1,18,0,1,0,3,3,3.69,172,43,77
0,1,33,0,1,0,3,3,3.69,172,43,77
0,1,50,0,1,2,3,3,3.69,172,43,77
0,2,2,0,1,4,3,3,3.69,172,43,77
0,2,10,3,1,6,3,3,3.69,172,43,77
0,2,14,0,1,15,0,0,3.69,172,43,77
0,2,14,0,1,13,0,0,3.69,172,43,77
0,2,30,0,1,4,4,4,3.69,172,43,77
0,2,50,0,1,5,3,3,3.69,172,43,77
0,2,52,0,1,2,3,3,3.69,172,43,77
0,4,14,0,1,15,0,0,3.69,172,43,77
0,4,14,0,1,15,0,0,3.69,172,43,77
0,4,22,0,1,1,3,3,3.69,172,43,77
0,4,33,0,1,2,3,3,3.69,172,43,77
0,4,50,0,1,2,3,3,3.69,172,43,77
0,4,55,0,1,0,3,3,3.69,172,43,77
0,4,58,0,1,1,3,3,3.69,172,43,77
0,1,0,0,1,2,3,3,3.69,172,43,77
0,1,7,0,1,2,3,3,3.69,172,43,77
0,1,7,0,1,2,3,3,3.69,172,43,77
0,1,9,0,1,2,3,3,3.69,172,43,77
0,1,10,0,1,0,3,3,3.69,172,43,77
0,1,14,0,1,15,0,0,3.69,172,43,77
0,1,14,0,1,15,0,0,3.69,172,43,77
0,2,7,0,1,2,3,3,3.69,172,43,77
0,2,9,0,1,4,3,3,3.69,172,43,77
0,2,9,0,1,15,3,3,3.69,172,43,77
0,2,14,0,1,15,0,0,3.69,172,43,77
0,2,18,0,1,4,3,3,3.69,172,43,77
0,2,32,0,1,2,3,3,3.69,172,43,77
0,2,33,0,1,4,3,3,3.69,172,43,77
0,4,0,0,1,0,3,3,3.69,172,43,77
0,4,7,0,1,4,3,3,3.69,172,43,77
0,4,7,0,1,5,3,3,3.69,172,43,77
0,4,7,0,1,5,3,3,3.69,172,43,77
0,4,9,0,1,0,3,3,3.69,172,43,77
0,4,9,0,1,15,2,2,3.69,172,43,77
0,4,14,0,1,15,0,0,3.69,172,43,77
0,0,0,0,1,2,3,3,3.69,172,43,77
0,0,0,0,1,0,3,3,3.69,172,43,77
0,0,0,0,1,0,3,3,3.69,172,43,77
0,0,7,0,1,4,3,3,3.69,172,43,77
0,0,9,0,1,15,3,3,3.69,172,43,77
0,0,14,0,1,15,0,0,3.69,172,43,77
0,0,14,0,1,15,0,0,3.69,172,43,77
0,0,54,0,1,0,1,1,3.69,172,43,77
0,5,0,0,1,0,3,3,3.69,172,43,77
0,5,0,0,1,2,3,3,3.69,172,43,77
0,5,7,0,1,0,3,3,3.69,172,43,77
0,5,9,0,1,0,3,3,3.69,172,43,77
0,5,9,0,1,0,3,3,3.69,172,43,77
0,5,54,0,1,0,1,1,3.69,172,43,77
1,1,14,0,1,15,0,0,3.68,168,42,69
1,1,16,0,1,0,1,1,3.68,168,42,69
1,1,33,0,1,0,3,3,3.68,168,42,69
1,1,50,0,1,0,3,3,3.68,168,42,69
1,1,64,0,1,0,3,3,3.68,168,42,69
1,2,2,0,1,2,3,3,3.68,168,42,69
1,2,14,0,1,15,0,0,3.68,168,42,69
1,2,30,0,1,0,4,4,3.68,168,42,69
1,2,39,0,1,2,3,3,3.68,168,42,69
1,2,55,0,1,0,3,3,3.68,168,42,69
1,4,9,0,1,1,3,3,3.68,168,42,69
1,4,14,0,1,15,0,0,3.68,168,42,69
1,4,33,0,1,5,3,3,3.68,168,42,69
1,4,38,0,1,5,3,3,3.68,168,42,69
1,4,39,0,1,0,3,3,3.68,168,42,69
1,4,52,0,1,2,3,3,3.68,168,42,69
1,4,64,3,1,6,3,3,3.68,168,42,69
1,1,9,0,1,2,3,3,3.68,168,42,69
1,1,13,0,1,1,3,3,3.68,168,42,69
1,1,18,0,1,0,3,3,3.68,168,42,69
1,1,33,0,1,2,3,3,3.68,168,42,69
1,2,2,0,1,0,3,3,3.68,168,42,69
1,2,10,0,1,2,3,3,3.68,168,42,69
1,2,14,0,1,15,0,0,3.68,168,42,69
1,2,32,0,1,4,3,3,3.68,168,42,69
1,2,55,0,1,0,3,3,3.68,168,42,69
1,4,10,0,1,0,3,3,3.68,168,42,69
1,4,14,0,1,15,0,0,3.68,168,42,69
1,4,22,0,1,2,3,3,3.68,168,42,69
1,4,30,0,1,0,4,4,3.68,168,42,69
1,4,59,0,1,0,3,3,3.68,168,42,69
1,1,0,0,1,4,3,3,3.68,168,42,69
1,1,7,0,1,0,3,3,3.68,168,42,69
1,1,9,0,1,5,3,3,3.68,168,42,69
1,1,9,0,1,5,3,3,3.68,168,42,69
1,1,10,0,1,4,3,3,3.68,168,42,69
1,1,14,0,1,15,0,0,3.68,168,42,69
1,2,9,0,1,2,3,3,3.68,168,42,69
1,2,9,0,1,5,3,3,3.68,168,42,69
1,2,9,0,1,0,3,3,3.68,168,42,69
1,2,9,0,1,6,3,3,3.68,168,42,69
1,2,10,0,1,5,3,3,3.68,168,42,69
1,2,14,0,1,15,0,0,3.68,168,42,69
1,2,18,0,1,0,3,3,3.68,168,42,69
1,3,9,0,1,15,6,6,3.68,168,42,69
1,4,0,0,1,0,3,3,3.68,168,42,69
1,4,7,0,1,0,3,3,3.68,168,42,69
1,4,7,0,1,0,3,3,3.68,168,42,69
1,4,9,0,1,2,3,3,3.68,168,42,69
1,4,9,0,1,2,3,3,3.68,168,42,69
1,4,14,0,1,15,0,0,3.68,168,42,69
1,0,9,0,1,5,3,3,3.68,168,42,69
1,0,9,0,1,2,1,1,3.68,168,42,69
1,0,12,0,1,2,5,5,3.68,168,42,69
1,0,14,0,1,15,0,0,3.68,168,42,69
1,0,14,0,1,15,0,0,3.68,168,42,69
1,0,15,0,1,0,3,3,3.68,168,42,69
1,0,41,0,1,2,1,1,3.68,168,42,69
1,0,53,0,1,15,1,1,3.68,168,42,69
1,0,56,0,1,2,4,4,3.68,168,42,69
1,5,7,0,1,0,3,3,3.68,168,42,69
1,5,9,0,1,5,3,3,3.68,168,42,69
1,5,9,0,1,0,3,3,3.68,168,42,69
1,5,9,0,1,0,3,3,3.68,168,42,69
1,5,12,0,1,4,5,5,3.68,168,42,69
1,5,14,0,1,15,0,0,3.68,168,42,69
1,5,53,0,1,15,1,1,3.68,168,42,69
1,1,6,0,1,7,4,4,2.97,148,37,71
1,1,14,0,1,15,0,0,2.97,148,37,71
1,1,16,0,1,5,1,1,2.97,148,37,71
1,1,53,0,1,1,1,1,2.97,148,37,71
1,1,64,0,1,4,3,3,2.97,148,37,71
1,2,14,0,1,13,0,0,2.97,148,37,71
1,2,22,0,1,4,3,3,2.97,148,37,71
1,2,33,0,1,7,3,3,2.97,148,37,71
1,2,39,0,1,7,3,3,2.97,148,37,71
1,2,43,2,1,1,1,1,2.97,148,37,71
1,2,50,0,1,5,3,3,2.97,148,37,71
1,2,53,0,1,1,1,1,2.97,148,37,71
1,4,14,0,1,13,0,0,2.97,148,37,71
1,4,27,0,1,4,3,3,2.97,148,37,71
1,4,42,0,1,2,2,2,2.97,148,37,71
1,4,64,0,1,8,3,3,2.97,148,37,71
1,1,7,0,1,9,4,4,2.97,148,37,71
1,1,9,0,1,8,3,3,2.97,148,37,71
1,1,13,0,1,0,3,3,2.97,148,37,71
1,1,39,0,1,7,3,3,2.97,148,37,71
1,2,2,0,1,2,3,3,2.97,148,37,71
1,2,7,0,1,8,3,3,2.97,148,37,71
1,2,10,0,1,0,3,3,2.97,148,37,71
1,2,14,0,1,15,0,0,2.97,148,37,71
1,2,33,0,1,4,3,3,2.97,148,37,71
1,2,55,0,1,8,3,3,2.97,148,37,71
1,4,7,0,1,12,3,3,2.97,148,37,71
1,4,14,0,1,15,0,0,2.97,148,37,71
1,4,22,0,1,4,3,3,2.97,148,37,71
1,4,33,0,1,7,3,3,2.97,148,37,71
1,4,59,0,1,8,3,3,2.97,148,37,71
1,0,15,0,1,5,3,3,2.97,148,37,71
1,0,20,0,1,5,3,3,2.97,148,37,71
1,0,46,0,1,4,3,3,2.97,148,37,71
1,0,48,0,1,0,2,2,2.97,148,37,71
1,0,53,0,1,0,1,1,2.97,148,37,71
1,5,7,0,1,6,3,3,2.97,148,37,71
1,5,9,0,1,2,3,3,2.97,148,37,71
1,5,14,0,1,13,0,0,2.97,148,37,71
1,5,48,0,1,4,3,3,2.97,148,37,71
1,5,48,0,1,7,1,1,2.97,148,37,71
1,5,48,0,1,4,2,2,2.97,148,37,71
1,5,48,0,1,0,1,1,2.97,148,37,71
1,5,53,0,1,0,1,1,2.97,148,37,71
1,0,9,0,1,5,3,3,2.97,148,37,71
1,0,9,0,1,5,3,3,2.97,148,37,71
1,0,9,0,1,5,3,3,2.97,148,37,71
1,0,14,0,1,13,0,0,2.97,148,37,71
1,0,14,0,1,5,2,2,2.97,148,37,71
1,0,40,0,1,2,1,1,2.97,148,37,71
1,0,48,2,1,4,2,2,2.97,148,37,71
1,0,53,0,1,0,1,1,2.97,148,37,71
1,5,2,0,1,9,3,3,2.97,148,37,71
1,5,9,0,1,4,3,3,2.97,148,37,71
1,5,9,0,1,0,3,3,2.97,148,37,71
1,5,14,0,1,15,0,0,2.97,148,37,71
1,5,45,0,1,4,3,3,2.97,148,37,71
1,0,0,0,1,0,3,3,2.97,148,37,71
1,0,9,0,1,8,3,3,2.97,148,37,71
1,0,9,0,1,15,3,3,2.97,148,37,71
1,0,14,0,1,13,0,0,2.97,148,37,71
1,0,39,0,1,5,3,3,2.97,148,37,71
1,5,0,0,1,4,3,3,2.97,148,37,71
1,5,9,0,1,0,3,3,2.97,148,37,71
1,5,9,0,1,2,3,3,2.97,148,37,71
1,5,14,0,1,13,0,0,2.97,148,37,71
1,5,20,0,1,5,3,3,2.97,148,37,71
0,1,14,0,1,15,0,0,2.99,125,31.25,42
0,1,17,0,1,4,3,3,2.99,125,31.25,42
0,1,17,0,1,4,3,3,2.99,125,31.25,42
0,1,17,0,1,6,3,3,2.99,125,31.25,42
0,1,52,0,1,5,4,4,2.99,125,31.25,42
0,2,4,0,1,0,4,4,2.99,125,31.25,42
0,2,14,0,1,15,0,0,2.99,125,31.25,42
0,2,17,0,1,0,3,3,2.99,125,31.25,42
0,2,17,0,1,8,3,3,2.99,125,31.25,42
0,2,17,0,1,8,3,3,2.99,125,31.25,42
0,2,17,0,1,2,3,3,2.99,125,31.25,42
0,4,14,0,1,15,0,0,2.99,125,31.25,42
0,4,17,0,1,5,3,3,2.99,125,31.25,42
0,4,17,0,1,5,3,3,2.99,125,31.25,42
0,4,17,0,1,2,3,3,2.99,125,31.25,42
0,4,17,0,1,0,3,3,2.99,125,31.25,42
0,1,14,0,1,15,0,0,2.99,125,31.25,42
0,1,17,0,1,8,8,8,2.99,125,31.25,42
0,1,17,0,1,15,3,3,2.99,125,31.25,42
0,1,17,0,1,15,3,3,2.99,125,31.25,42
0,2,4,0,1,5,4,4,2.99,125,31.25,42
0,2,14,0,1,15,0,0,2.99,125,31.25,42
0,2,17,3,1,15,3,3,2.99,125,31.25,42
0,2,17,0,1,15,10,10,2.99,125,31.25,42
0,4,14,0,1,15,0,0,2.99,125,31.25,42
0,4,17,0,1,7,8,8,2.99,125,31.25,42
0,4,17,0,1,15,6,6,2.99,125,31.25,42
0,6,0,3,1,4,3,3,2.99,125,31.25,42
0,6,9,3,1,5,3,3,2.99,125,31.25,42
0,0,9,3,1,0,3,3,2.99,125,31.25,42
0,0,9,3,1,11,3,3,2.99,125,31.25,42
0,0,9,3,1,5,3,3,2.99,125,31.25,42
0,0,20,3,1,0,3,3,2.99,125,31.25,42
0,5,9,3,1,5,3,3,2.99,125,31.25,42
0,5,9,3,1,0,3,3,2.99,125,31.25,42
0,5,9,3,1,12,3,0,2.99,125,31.25,42
0,5,9,3,1,4,3,3,2.99,125,31.25,42
0,6,9,3,1,2,3,3,2.99,125,31.25,42
0,6,9,3,1,0,3,3,2.99,125,31.25,42
0,0,9,3,1,5,3,3,2.99,125,31.25,42
0,5,9,3,1,0,3,3,2.99,125,31.25,42
0,4,10,0,1,4,3,3,3.37,226,56.5,80
0,4,10,0,1,4,3,3,3.47,226,56.5,80
0,4,14,0,1,15,0,0,3.37,226,56.5,80
0,4,14,0,1,15,0,0,3.47,226,56.5,80
0,4,39,0,1,2,3,3,3.37,226,56.5,80
0,4,39,0,1,2,3,3,3.47,226,56.5,80
0,4,50,0,1,4,3,3,3.37,226,56.5,80
0,4,50,0,1,4,3,3,3.47,226,56.5,80
0,4,61,0,1,8,3,3,3.37,226,56.5,80
0,4,61,0,1,8,3,3,3.47,226,56.5,80
0,3,5,0,1,2,4,4,3.37,226,56.5,80
0,3,5,0,1,2,4,4,3.47,226,56.5,80
0,3,44,0,1,2,4,4,3.37,226,56.5,80
0,3,44,0,1,2,4,4,3.47,226,56.5,80
0,3,44,0,1,15,4,4,3.37,226,56.5,80
0,3,44,0,1,15,4,4,3.47,226,56.5,80
0,3,44,0,1,6,4,4,3.37,226,56.5,80
0,3,44,0,1,6,4,4,3.47,226,56.5,80
0,4,44,0,1,0,4,4,3.37,226,56.5,80
0,4,44,0,1,0,4,4,3.47,226,56.5,80
0,4,44,0,1,2,4,4,3.37,226,56.5,80
0,4,44,0,1,2,4,4,3.47,226,56.5,80
0,4,44,0,1,2,4,4,3.37,226,56.5,80
0,4,44,0,1,2,4,4,3.47,226,56.5,80
0,4,64,0,1,0,4,4,3.37,226,56.5,80
0,4,64,0,1,0,4,4,3.47,226,56.5,80
0,3,5,0,1,2,4,4,3.37,226,56.5,80
0,3,5,0,1,2,4,4,3.47,226,56.5,80
0,3,44,0,1,15,4,4,3.37,226,56.5,80
0,3,44,0,1,15,4,4,3.47,226,56.5,80
0,3,44,0,1,2,4,4,3.37,226,56.5,80
0,3,44,0,1,2,4,4,3.47,226,56.5,80
0,4,44,0,1,0,4,4,3.37,226,56.5,80
0,4,44,0,1,0,4,4,3.47,226,56.5,80
0,4,44,0,1,7,4,4,3.37,226,56.5,80
0,4,44,0,1,7,4,4,3.47,226,56.5,80
0,4,44,0,1,2,4,4,3.37,226,56.5,80
0,4,44,0,1,2,4,4,3.47,226,56.5,80
0,4,52,0,1,0,4,4,3.37,226,56.5,80
0,4,52,0,1,0,4,4,3.47,226,56.5,80
0,1,9,0,1,0,3,3,3.37,226,56.5,80
0,1,9,0,1,0,3,3,3.47,226,56.5,80
0,1,9,0,1,6,3,3,3.37,226,56.5,80
0,1,9,0,1,6,3,3,3.47,226,56.5,80
0,1,9,0,1,4,3,3,3.37,226,56.5,80
0,1,9,0,1,4,3,3,3.47,226,56.5,80
0,2,9,0,1,4,3,3,3.37,226,56.5,80
0,2,9,0,1,4,3,3,3.47,226,56.5,80
0,2,9,0,1,4,3,3,3.37,226,56.5,80
0,2,9,0,1,4,3,3,3.47,226,56.5,80
0,2,18,0,1,4,3,3,3.37,226,56.5,80
0,2,18,0,1,4,3,3,3.47,226,56.5,80
0,4,9,0,1,0,3,3,3.37,226,56.5,80
0,4,9,0,1,0,3,3,3.47,226,56.5,80
0,4,9,0,1,0,3,3,3.37,226,56.5,80
0,4,9,0,1,0,3,3,3.47,226,56.5,80
0,4,10,0,1,5,3,3,3.37,226,56.5,80
0,4,10,0,1,5,3,3,3.47,226,56.5,80
0,0,0,0,1,0,2,2,3.37,226,56.5,80
0,0,0,0,1,0,2,2,3.47,226,56.5,80
0,0,9,0,1,4,2,2,3.37,226,56.5,80
0,0,9,0,1,4,2,2,3.47,226,56.5,80
0,0,9,0,1,2,2,2,3.37,226,56.5,80
0,0,9,0,1,2,2,2,3.47,226,56.5,80
0,5,9,0,1,4,2,2,3.37,226,56.5,80
0,5,9,0,1,4,2,2,3.47,226,56.5,80
0,5,9,0,1,0,2,2,3.37,226,56.5,80
0,5,9,0,1,0,2,2,3.47,226,56.5,80
0,5,9,0,1,5,2,2,3.37,226,56.5,80
0,5,9,0,1,5,2,2,3.47,226,56.5,80
0,6,9,0,1,13,4,0,3.37,226,56.5,80
0,6,9,0,1,13,4,0,3.47,226,56.5,80
0,6,9,0,1,4,2,2,3.37,226,56.5,80
0,6,9,0,1,4,2,2,3.47,226,56.5,80
0,0,9,0,1,13,1,0,3.37,226,56.5,80
0,0,9,0,1,13,1,0,3.47,226,56.5,80
1,1,10,0,1,7,2,2,2.88,164,41,75
1,1,14,0,1,15,0,0,2.88,164,41,75
1,1,14,0,1,4,2,2,2.88,164,41,75
1,1,33,0,1,8,3,3,2.88,164,41,75
1,1,55,0,1,2,3,3,2.88,164,41,75
1,1,55,0,1,4,3,3,2.88,164,41,75
1,2,10,0,1,6,3,3,2.88,164,41,75
1,2,14,0,1,15,0,0,2.88,164,41,75
1,2,14,0,1,0,2,2,2.88,164,41,75
1,2,17,0,1,15,3,3,2.88,164,41,75
1,2,33,0,1,8,3,3,2.88,164,41,75
1,2,55,0,1,6,3,3,2.88,164,41,75
1,2,61,0,1,4,3,3,2.88,164,41,75
1,4,10,0,1,4,2,2,2.88,164,41,75
1,4,14,0,1,15,0,0,2.88,164,41,75
1,4,14,0,1,0,2,2,2.88,164,41,75
1,4,30,0,1,6,4,4,2.88,164,41,75
1,4,33,0,1,8,3,3,2.88,164,41,75
1,4,38,0,1,0,1,1,2.88,164,41,75
1,4,55,0,1,5,3,3,2.88,164,41,75
1,1,1,0,1,7,3,3,2.88,164,41,75
1,1,9,0,1,10,3,3,2.88,164,41,75
1,1,10,0,1,7,3,3,2.88,164,41,75
1,1,14,0,1,15,0,0,2.88,164,41,75
1,2,10,0,1,4,3,3,2.88,164,41,75
1,2,10,0,1,4,3,3,2.88,164,41,75
1,2,14,0,1,15,0,0,2.88,164,41,75
1,2,14,0,1,2,3,3,2.88,164,41,75
1,2,14,0,1,5,4,4,2.88,164,41,75
1,2,33,0,1,6,3,3,2.88,164,41,75
1,4,2,0,1,5,3,3,2.88,164,41,75
1,4,10,0,1,5,3,3,2.88,164,41,75
1,4,14,0,1,15,0,0,2.88,164,41,75
1,4,17,0,1,15,1,1,2.88,164,41,75
1,4,17,0,1,2,3,3,2.88,164,41,75
1,4,52,0,1,2,3,3,2.88,164,41,75
1,1,10,0,1,5,3,3,2.88,164,41,75
1,1,10,0,1,4,3,3,2.88,164,41,75
1,1,10,0,1,15,3,3,2.88,164,41,75
1,1,14,0,1,15,0,0,2.88,164,41,75
1,1,14,0,1,0,3,3,2.88,164,41,75
1,2,10,0,1,15,3,3,2.88,164,41,75
1,2,10,0,1,15,2,2,2.88,164,41,75
1,2,10,0,1,15,2,2,2.88,164,41,75
1,2,14,0,1,15,0,0,2.88,164,41,75
1,2,14,0,1,15,3,3,2.88,164,41,75
1,2,22,0,1,15,3,3,2.88,164,41,75
1,2,52,0,1,15,3,3,2.88,164,41,75
1,4,10,0,1,15,2,2,2.88,164,41,75
1,4,10,0,1,5,3,3,2.88,164,41,75
1,4,10,0,1,6,3,3,2.88,164,41,75
1,4,10,0,1,15,3,3,2.88,164,41,75
1,4,14,0,1,15,0,0,2.88,164,41,75
1,4,61,0,1,9,3,3,2.88,164,41,75
1,0,9,3,1,6,1,1,2.88,164,41,75
1,0,9,3,1,5,2,2,2.88,164,41,75
1,0,9,3,1,0,2,2,2.88,164,41,75
1,0,9,3,1,2,2,2,2.88,164,41,75
1,0,39,0,1,2,3,3,2.88,164,41,75
1,5,9,3,1,0,2,2,2.88,164,41,75
1,5,9,3,1,0,2,2,2.88,164,41,75
1,5,15,3,1,2,2,2,2.88,164,41,75
1,6,9,0,1,0,2,2,2.88,164,41,75
1,6,9,0,1,5,2,2,2.88,164,41,75
1,6,20,0,1,2,2,2,2.88,164,41,75
1,0,0,3,1,5,2,2,2.88,164,41,75
1,0,9,0,1,2,2,2,2.88,164,41,75
1,0,9,3,1,15,2,2,2.88,164,41,75
1,5,9,3,1,0,2,2,2.88,164,41,75
1,5,9,3,1,0,2,2,2.88,164,41,75
1,5,9,3,1,0,2,2,2.88,164,41,75
1,6,9,3,1,0,2,2,2.88,164,41,75
1,6,9,3,1,15,1,1,2.88,164,41,75
1,6,9,3,1,0,2,2,2.88,164,41,75
1,1,14,0,1,15,0,0,3.73,147,36.75,52
1,1,17,0,1,2,3,3,3.73,147,36.75,52
1,1,17,0,1,0,3,3,3.73,147,36.75,52
1,1,17,0,1,2,3,3,3.73,147,36.75,52
1,1,17,0,1,5,1,1,3.73,147,36.75,52
1,1,17,0,1,4,3,3,3.73,147,36.75,52
1,1,37,0,1,2,3,3,3.73,147,36.75,52
1,1,39,0,1,1,3,3,3.73,147,36.75,52
1,2,2,0,1,15,1,1,3.73,147,36.75,52
1,2,14,0,1,13,0,0,3.73,147,36.75,52
1,2,17,0,1,2,3,3,3.73,147,36.75,52
1,2,17,0,1,0,3,3,3.73,147,36.75,52
1,2,17,0,1,0,3,3,3.73,147,36.75,52
1,2,17,0,1,15,3,3,3.73,147,36.75,52
1,2,37,0,1,2,3,3,3.73,147,36.75,52
1,3,52,0,1,15,3,3,3.73,147,36.75,52
1,3,52,0,1,15,3,3,3.73,147,36.75,52
1,4,10,0,1,6,3,3,3.73,147,36.75,52
1,4,14,0,1,15,0,0,3.73,147,36.75,52
1,4,17,0,1,0,3,3,3.73,147,36.75,52
1,4,17,0,1,0,3,3,3.73,147,36.75,52
1,4,17,0,1,0,3,3,3.73,147,36.75,52
1,4,17,0,1,15,3,3,3.73,147,36.75,52
1,4,39,0,1,1,3,3,3.73,147,36.75,52
1,1,14,0,1,15,0,0,3.73,147,36.75,52
1,1,17,0,1,0,6,6,3.73,147,36.75,52
1,1,17,0,1,15,3,3,3.73,147,36.75,52
1,1,17,0,1,15,3,3,3.73,147,36.75,52
1,1,37,0,1,2,3,3,3.73,147,36.75,52
1,1,50,3,1,5,3,3,3.73,147,36.75,52
1,2,17,0,1,15,3,3,3.73,147,36.75,52
1,2,17,0,1,15,10,10,3.73,147,36.75,52
1,3,50,3,1,7,3,3,3.73,147,36.75,52
1,4,14,0,1,15,0,0,3.73,147,36.75,52
1,4,17,0,1,0,6,6,3.73,147,36.75,52
1,4,17,0,1,15,6,6,3.73,147,36.75,52
1,4,37,0,1,0,3,3,3.73,147,36.75,52
1,4,50,2,1,0,3,3,3.73,147,36.75,52
1,0,9,3,1,0,3,3,3.73,147,36.75,52
1,0,9,3,1,0,3,3,3.73,147,36.75,52
1,5,9,3,1,0,3,3,3.73,147,36.75,52
1,5,9,3,1,0,3,3,3.73,147,36.75,52
1,5,9,3,1,0,3,3,3.73,147,36.75,52
1,5,9,3,1,0,3,3,3.73,147,36.75,52
1,6,0,3,1,0,3,3,3.73,147,36.75,52
1,6,9,3,1,0,3,3,3.73,147,36.75,52
1,6,9,3,1,0,3,3,3.73,147,36.75,52
1,6,9,3,1,0,3,3,3.73,147,36.75,52
1,0,9,3,1,0,3,3,3.73,147,36.75,52
1,0,9,3,1,15,0,0,3.73,147,36.75,52
1,0,20,3,1,0,3,3,3.73,147,36.75,52
1,1,2,0,1,2,3,3,3.91,132,33,42
1,1,9,0,1,4,3,3,3.91,132,33,42
1,1,10,0,1,2,3,3,3.91,132,33,42
1,1,13,0,1,0,3,3,3.91,132,33,42
1,1,14,0,1,15,0,0,3.91,132,33,42
1,1,22,0,1,0,3,3,3.91,132,33,42
1,3,5,0,1,0,4,4,3.91,132,33,42
1,3,44,0,1,2,4,4,3.91,132,33,42
1,3,44,0,1,15,4,4,3.91,132,33,42
1,3,44,0,1,0,4,4,3.91,132,33,42
1,4,39,0,1,2,3,3,3.91,132,33,42
1,4,44,0,1,1,4,4,3.91,132,33,42
1,4,44,0,1,0,4,4,3.91,132,33,42
1,4,44,0,1,0,4,4,3.91,132,33,42
1,4,64,0,1,0,4,4,3.91,132,33,42
1,3,5,0,1,0,4,4,3.91,132,33,42
1,3,44,0,1,15,4,4,3.91,132,33,42
1,3,44,0,1,0,4,4,3.91,132,33,42
1,4,44,0,1,0,4,4,3.91,132,33,42
1,4,44,0,1,0,4,4,3.91,132,33,42
1,4,44,0,1,0,4,4,3.91,132,33,42
1,4,52,0,1,0,4,4,3.91,132,33,42
1,1,9,0,1,2,3,3,3.91,132,33,42
1,1,9,0,1,5,3,3,3.91,132,33,42
1,1,9,0,1,0,3,3,3.91,132,33,42
1,2,9,0,1,0,3,3,3.91,132,33,42
1,2,9,0,1,0,3,3,3.91,132,33,42
1,2,18,0,1,2,3,3,3.91,132,33,42
1,4,9,0,1,0,3,3,3.91,132,33,42
1,4,9,0,1,0,3,3,3.91,132,33,42
1,4,10,0,1,0,3,3,3.91,132,33,42
1,1,0,0,1,0,3,3,3.91,132,33,42
1,1,9,0,1,0,3,3,3.91,132,33,42
1,1,9,0,1,0,3,3,3.91,132,33,42
1,2,9,0,1,2,3,3,3.91,132,33,42
1,2,9,0,1,15,3,3,3.91,132,33,42
1,2,9,0,1,15,3,3,3.91,132,33,42
1,4,9,0,1,0,3,3,3.91,132,33,42
1,4,9,0,1,0,3,3,3.91,132,33,42
1,4,9,0,1,2,3,3,3.91,132,33,42
1,1,14,0,1,15,0,0,3.66,138,34.5,58
1,1,27,0,1,2,3,3,3.66,138,34.5,58
1,1,50,0,1,4,3,3,3.66,138,34.5,58
1,1,50,0,1,4,3,3,3.66,138,34.5,58
1,1,59,0,1,4,3,3,3.66,138,34.5,58
1,2,14,0,1,15,0,0,3.66,138,34.5,58
1,2,30,0,1,0,3,3,3.66,138,34.5,58
1,2,44,0,1,0,3,3,3.66,138,34.5,58
1,2,55,0,1,0,3,3,3.66,138,34.5,58
1,2,55,0,1,5,3,3,3.66,138,34.5,58
1,2,55,0,1,0,3,3,3.66,138,34.5,58
1,2,64,0,1,0,3,3,3.66,138,34.5,58
1,4,14,0,1,15,0,0,3.66,138,34.5,58
1,4,14,0,1,2,3,3,3.66,138,34.5,58
1,4,30,0,1,4,4,4,3.66,138,34.5,58
1,4,33,0,1,5,3,3,3.66,138,34.5,58
1,4,50,0,1,4,3,3,3.66,138,34.5,58
1,4,59,0,1,6,3,3,3.66,138,34.5,58
1,1,2,0,1,0,3,3,3.66,138,34.5,58
1,1,10,0,1,2,2,2,3.66,138,34.5,58
1,1,14,0,1,15,0,0,3.66,138,34.5,58
1,1,44,0,1,0,3,3,3.66,138,34.5,58
1,1,44,0,1,15,1,1,3.66,138,34.5,58
1,1,44,0,1,0,1,1,3.66,138,34.5,58
1,1,52,0,1,6,3,3,3.66,138,34.5,58
1,1,55,0,1,4,3,3,3.66,138,34.5,58
1,2,2,0,1,0,3,3,3.66,138,34.5,58
1,2,10,0,1,15,3,3,3.66,138,34.5,58
1,2,14,0,1,15,0,0,3.66,138,34.5,58
1,2,22,0,1,0,3,3,3.66,138,34.5,58
1,2,33,0,1,2,3,3,3.66,138,34.5,58
1,2,44,0,1,0,3,3,3.66,138,34.5,58
1,2,52,0,1,4,3,3,3.66,138,34.5,58
1,4,2,0,1,2,3,3,3.66,138,34.5,58
1,4,10,0,1,0,2,2,3.66,138,34.5,58
1,4,14,0,1,15,0,0,3.66,138,34.5,58
1,4,27,0,1,0,3,3,3.66,138,34.5,58
1,4,44,0,1,15,1,1,3.66,138,34.5,58
1,4,44,0,1,0,3,3,3.66,138,34.5,58
1,4,55,0,1,5,3,3,3.66,138,34.5,58
1,1,9,0,1,0,3,3,3.66,138,34.5,58
1,1,9,0,1,15,4,4,3.66,138,34.5,58
1,1,10,0,1,2,3,3,3.66,138,34.5,58
1,1,10,0,1,2,3,3,3.66,138,34.5,58
1,1,10,0,1,0,3,3,3.66,138,34.5,58
1,1,14,0,1,15,0,0,3.66,138,34.5,58
1,1,18,0,1,1,3,3,3.66,138,34.5,58
1,2,9,0,1,0,3,3,3.66,138,34.5,58
1,2,9,0,1,15,4,4,3.66,138,34.5,58
1,2,14,0,1,15,0,0,3.66,138,34.5,58
1,2,38,0,1,15,2,2,3.66,138,34.5,58
1,4,9,0,1,0,3,3,3.66,138,34.5,58
1,4,10,0,1,15,3,3,3.66,138,34.5,58
1,4,10,0,1,15,3,3,3.66,138,34.5,58
1,4,14,0,1,15,0,0,3.66,138,34.5,58
1,4,18,0,1,0,3,3,3.66,138,34.5,58
1,4,61,0,1,15,3,3,3.66,138,34.5,58
1,1,10,0,1,0,3,3,3.72,182,45.5,78
1,1,14,0,1,15,0,0,3.72,182,45.5,78
1,1,17,0,1,1,1,1,3.72,182,45.5,78
1,1,27,0,1,5,3,3,3.72,182,45.5,78
1,1,33,0,1,5,3,3,3.72,182,45.5,78
1,1,52,0,1,5,3,3,3.72,182,45.5,78
1,1,64,0,1,5,3,3,3.72,182,45.5,78
1,2,2,0,1,2,3,3,3.72,182,45.5,78
1,2,14,0,1,15,0,0,3.72,182,45.5,78
1,2,33,0,1,5,3,3,3.72,182,45.5,78
1,2,38,0,1,15,2,2,3.72,182,45.5,78
1,2,61,0,1,0,3,3,3.72,182,45.5,78
1,2,64,0,1,2,3,3,3.72,182,45.5,78
1,4,10,0,1,0,3,3,3.72,182,45.5,78
1,4,14,0,1,15,0,0,3.72,182,45.5,78
1,4,33,0,1,4,3,3,3.72,182,45.5,78
1,4,39,0,1,2,3,3,3.72,182,45.5,78
1,4,52,0,1,4,3,3,3.72,182,45.5,78
1,4,64,0,1,0,3,3,3.72,182,45.5,78
1,1,1,0,1,1,3,3,3.72,182,45.5,78
1,1,14,0,1,15,0,0,3.72,182,45.5,78
1,1,50,0,1,5,3,3,3.72,182,45.5,78
1,1,53,0,1,1,1,1,3.72,182,45.5,78
1,1,55,0,1,6,3,3,3.72,182,45.5,78
1,1,59,0,1,6,3,3,3.72,182,45.5,78
1,2,6,0,1,15,3,3,3.72,182,45.5,78
1,2,9,0,1,0,3,3,3.72,182,45.5,78
1,2,10,0,1,2,2,2,3.72,182,45.5,78
1,2,14,0,1,15,0,0,3.72,182,45.5,78
1,2,33,0,1,4,3,3,3.72,182,45.5,78
1,2,55,0,1,2,3,3,3.72,182,45.5,78
1,4,10,0,1,15,2,2,3.72,182,45.5,78
1,4,14,0,1,15,0,0,3.72,182,45.5,78
1,4,14,0,1,5,3,3,3.72,182,45.5,78
1,4,22,0,1,2,3,3,3.72,182,45.5,78
1,4,50,0,1,0,3,3,3.72,182,45.5,78
1,4,53,0,1,1,1,1,3.72,182,45.5,78
1,4,58,0,1,0,3,3,3.72,182,45.5,78
1,1,0,0,1,1,3,3,3.72,182,45.5,78
1,1,9,0,1,0,3,3,3.72,182,45.5,78
1,1,10,0,1,15,3,3,3.72,182,45.5,78
1,1,14,0,1,15,0,0,3.72,182,45.5,78
1,1,18,0,1,0,3,3,3.72,182,45.5,78
1,1,55,0,1,15,3,3,3.72,182,45.5,78
1,2,9,0,1,4,3,3,3.72,182,45.5,78
1,2,9,0,1,0,3,3,3.72,182,45.5,78
1,2,9,0,1,2,3,3,3.72,182,45.5,78
1,2,9,0,1,15,3,3,3.72,182,45.5,78
1,2,14,0,1,15,0,0,3.72,182,45.5,78
1,2,14,0,1,15,0,0,3.72,182,45.5,78
1,2,17,0,1,1,1,1,3.72,182,45.5,78
1,2,50,0,1,15,3,3,3.72,182,45.5,78
1,2,62,0,1,1,3,3,3.72,182,45.5,78
1,4,0,0,1,0,3,3,3.72,182,45.5,78
1,4,6,0,1,15,4,4,3.72,182,45.5,78
1,4,9,0,1,0,3,3,3.72,182,45.5,78
1,4,14,0,1,15,0,0,3.72,182,45.5,78
1,4,18,0,1,2,3,3,3.72,182,45.5,78
1,4,55,0,1,15,3,3,3.72,182,45.5,78
1,1,9,0,1,0,3,3,3.72,182,45.5,78
1,1,9,0,1,1,3,3,3.72,182,45.5,78
1,1,9,0,1,15,4,4,3.72,182,45.5,78
1,1,10,0,1,1,3,3,3.72,182,45.5,78
1,1,14,0,1,15,0,0,3.72,182,45.5,78
1,2,9,0,1,0,1,1,3.72,182,45.5,78
1,2,9,0,1,0,3,3,3.72,182,45.5,78
1,2,9,0,1,0,3,3,3.72,182,45.5,78
1,2,9,0,1,15,7,7,3.72,182,45.5,78
1,2,14,0,1,15,0,0,3.72,182,45.5,78
1,4,9,0,1,2,1,1,3.72,182,45.5,78
1,4,9,0,1,0,3,3,3.72,182,45.5,78
1,4,9,0,1,0,3,3,3.72,182,45.5,78
1,4,9,0,1,5,3,3,3.72,182,45.5,78
1,4,9,0,1,15,2,2,3.72,182,45.5,78
1,4,11,0,1,2,3,3,3.72,182,45.5,78
1,4,13,0,1,0,3,3,3.72,182,45.5,78
1,4,14,0,1,15,0,0,3.72,182,45.5,78
0,1,10,0,1,8,2,2,2.93,141,35.25,61
0,1,14,0,1,15,0,0,2.93,141,35.25,61
0,1,38,0,1,0,2,2,2.93,141,35.25,61
0,1,50,0,1,4,3,3,2.93,141,35.25,61
0,1,59,0,1,12,3,0,2.93,141,35.25,61
0,1,64,0,1,6,3,3,2.93,141,35.25,61
0,2,2,0,1,4,3,3,2.93,141,35.25,61
0,2,14,0,1,15,0,0,2.93,141,35.25,61
0,2,33,0,1,5,3,3,2.93,141,35.25,61
0,2,52,0,1,0,3,3,2.93,141,35.25,61
0,2,55,0,1,2,3,3,2.93,141,35.25,61
0,4,2,0,1,6,3,3,2.93,141,35.25,61
0,4,10,0,1,8,2,2,2.93,141,35.25,61
0,4,14,0,1,15,0,0,2.93,141,35.25,61
0,4,27,0,1,5,3,3,2.93,141,35.25,61
0,4,30,0,1,7,4,4,2.93,141,35.25,61
0,4,59,0,1,9,3,3,2.93,141,35.25,61
0,1,2,0,1,7,3,3,2.93,141,35.25,61
0,1,14,0,1,15,0,0,2.93,141,35.25,61
0,1,44,0,1,9,3,3,2.93,141,35.25,61
0,1,44,0,1,4,3,3,2.93,141,35.25,61
0,1,44,0,1,0,3,3,2.93,141,35.25,61
0,1,55,0,1,6,3,3,2.93,141,35.25,61
0,1,59,0,1,8,3,3,2.93,141,35.25,61
0,2,10,0,1,5,3,3,2.93,141,35.25,61
0,2,10,0,1,2,3,3,2.93,141,35.25,61
0,2,14,0,1,15,0,0,2.93,141,35.25,61
0,2,44,0,1,10,3,3,2.93,141,35.25,61
0,2,44,0,1,5,3,3,2.93,141,35.25,61
0,2,44,0,1,10,3,3,2.93,141,35.25,61
0,2,61,0,1,1,3,3,2.93,141,35.25,61
0,4,10,0,1,2,3,3,2.93,141,35.25,61
0,4,10,0,1,5,3,3,2.93,141,35.25,61
0,4,14,0,1,15,0,0,2.93,141,35.25,61
0,4,44,0,1,7,3,3,2.93,141,35.25,61
0,4,44,0,1,15,1,1,2.93,141,35.25,61
0,4,44,0,1,0,3,3,2.93,141,35.25,61
0,4,53,0,1,0,1,1,2.93,141,35.25,61
0,4,55,0,1,4,3,3,2.93,141,35.25,61
0,1,9,0,1,2,3,3,2.93,141,35.25,61
0,1,9,0,1,0,1,1,2.93,141,35.25,61
0,1,10,0,1,2,3,3,2.93,141,35.25,61
0,1,10,0,1,15,4,4,2.93,141,35.25,61
0,1,14,0,1,15,0,0,2.93,141,35.25,61
0,1,19,0,1,2,3,3,2.93,141,35.25,61
0,1,18,0,1,4,3,3,2.93,141,35.25,61
0,2,9,0,1,2,3,3,2.93,141,35.25,61
0,2,9,0,1,9,3,3,2.93,141,35.25,61
0,2,9,0,1,2,3,3,2.93,141,35.25,61
0,2,10,0,1,0,3,3,2.93,141,35.25,61
0,2,10,0,1,15,2,2,2.93,141,35.25,61
0,2,14,0,1,15,0,0,2.93,141,35.25,61
0,2,14,0,1,2,3,3,2.93,141,35.25,61
0,4,9,0,1,4,3,3,2.93,141,35.25,61
0,4,9,0,1,4,3,3,2.93,141,35.25,61
0,4,9,0,1,15,2,2,2.93,141,35.25,61
0,4,14,0,1,15,0,0,2.93,141,35.25,61
0,4,18,0,1,4,3,3,2.93,141,35.25,61
0,4,24,0,1,0,3,3,2.93,141,35.25,61
0,4,59,0,1,4,3,3,2.93,141,35.25,61
0,0,7,0,1,5,4,4,3.61,210,52.5,82
0,0,7,0,1,5,4,4,3.61,210,52.5,82
0,0,7,0,1,0,4,4,3.61,210,52.5,82
0,0,7,0,1,0,4,4,3.61,210,52.5,82
0,0,36,0,1,0,2,2,3.61,210,52.5,82
0,0,36,0,1,0,2,2,3.61,210,52.5,82
0,0,64,3,1,2,2,2,3.61,210,52.5,82
0,0,64,3,1,2,2,2,3.61,210,52.5,82
0,5,44,0,1,2,3,3,3.61,210,52.5,82
0,5,44,0,1,2,3,3,3.61,210,52.5,82
0,5,44,0,1,0,3,3,3.61,210,52.5,82
0,5,44,0,1,0,3,3,3.61,210,52.5,82
0,5,44,0,1,0,3,3,3.61,210,52.5,82
0,5,44,0,1,0,3,3,3.61,210,52.5,82
0,6,39,0,1,2,3,3,3.61,210,52.5,82
0,6,39,0,1,2,3,3,3.61,210,52.5,82
0,6,44,0,1,0,3,3,3.61,210,52.5,82
0,6,44,0,1,0,3,3,3.61,210,52.5,82
0,6,44,0,1,0,3,3,3.61,210,52.5,82
0,6,44,0,1,0,3,3,3.61,210,52.5,82
0,6,46,0,1,5,3,3,3.61,210,52.5,82
0,6,46,0,1,5,3,3,3.61,210,52.5,82
0,0,20,0,1,0,3,3,3.61,210,52.5,82
0,0,20,0,1,0,3,3,3.61,210,52.5,82
0,0,39,0,1,10,3,3,3.61,210,52.5,82
0,0,39,0,1,10,3,3,3.61,210,52.5,82
0,5,0,0,1,4,3,3,3.61,210,52.5,82
0,5,0,0,1,4,3,3,3.61,210,52.5,82
0,5,39,0,1,17,3,0,3.61,210,52.5,82
0,5,39,0,1,17,3,0,3.61,210,52.5,82
0,5,44,3,1,0,3,3,3.61,210,52.5,82
0,5,44,3,1,0,3,3,3.61,210,52.5,82
0,6,44,0,1,0,3,3,3.61,210,52.5,82
0,6,44,0,1,0,3,3,3.61,210,52.5,82
0,6,44,0,1,0,3,3,3.61,210,52.5,82
0,6,44,0,1,0,3,3,3.61,210,52.5,82
0,0,39,3,1,8,3,3,3.61,210,52.5,82
0,0,39,3,1,8,3,3,3.61,210,52.5,82
0,0,44,3,1,8,3,3,3.61,210,52.5,82
0,0,44,3,1,8,3,3,3.61,210,52.5,82
0,5,13,3,1,2,3,3,3.61,210,52.5,82
0,5,13,3,1,2,3,3,3.61,210,52.5,82
0,5,44,3,1,4,3,3,3.61,210,52.5,82
0,5,44,3,1,4,3,3,3.61,210,52.5,82
0,5,44,3,1,0,3,3,3.61,210,52.5,82
0,5,44,3,1,0,3,3,3.61,210,52.5,82
0,0,34,0,1,0,3,3,3.61,210,52.5,82
0,0,34,0,1,0,3,3,3.61,210,52.5,82
0,0,34,3,1,2,3,3,3.61,210,52.5,82
0,0,34,3,1,2,3,3,3.61,210,52.5,82
0,0,64,3,1,8,1,1,3.61,210,52.5,82
0,0,64,3,1,8,1,1,3.61,210,52.5,82
0,5,34,0,1,17,3,0,3.61,210,52.5,82
0,5,34,0,1,17,3,0,3.61,210,52.5,82
0,5,34,0,1,0,3,3,3.61,210,52.5,82
0,5,34,0,1,0,3,3,3.61,210,52.5,82
0,6,9,3,1,0,3,3,3.61,210,52.5,82
0,6,9,3,1,0,3,3,3.61,210,52.5,82
0,6,34,0,1,2,3,3,3.61,210,52.5,82
0,6,34,0,1,2,3,3,3.61,210,52.5,82
0,0,9,3,1,0,3,3,3.61,210,52.5,82
0,0,9,3,1,0,3,3,3.61,210,52.5,82
0,0,15,3,1,0,3,3,3.61,210,52.5,82
0,0,15,3,1,0,3,3,3.61,210,52.5,82
0,0,64,3,1,5,1,1,3.61,210,52.5,82
0,0,64,3,1,5,1,1,3.61,210,52.5,82
0,5,9,0,1,0,3,3,3.61,210,52.5,82
0,5,9,0,1,0,3,3,3.61,210,52.5,82
0,5,9,0,1,0,3,3,3.61,210,52.5,82
0,5,9,0,1,0,3,3,3.61,210,52.5,82
0,6,9,3,1,0,3,3,3.61,210,52.5,82
0,6,9,3,1,0,3,3,3.61,210,52.5,82
0,6,9,0,1,13,1,0,3.61,210,52.5,82
0,6,9,0,1,13,1,0,3.61,210,52.5,82
0,0,9,3,1,0,3,3,3.61,210,52.5,82
0,0,9,3,1,0,3,3,3.61,210,52.5,82
0,0,9,3,1,2,3,3,3.61,210,52.5,82
0,0,9,3,1,2,3,3,3.61,210,52.5,82
0,5,9,0,1,13,1,0,3.61,210,52.5,82
0,5,9,0,1,13,1,0,3.61,210,52.5,82
0,6,9,0,1,15,1,1,3.61,210,52.5,82
0,6,9,0,1,15,1,1,3.61,210,52.5,82
0,0,34,3,1,2,3,3,3.07,142,35.5,54
0,0,34,3,1,2,3,3,3.2,142,35.5,54
0,0,34,3,1,7,3,3,3.07,142,35.5,54
0,0,34,3,1,7,3,3,3.2,142,35.5,54
0,0,39,3,1,7,3,3,3.07,142,35.5,54
0,0,39,3,1,7,3,3,3.2,142,35.5,54
0,0,64,3,1,9,3,3,3.07,142,35.5,54
0,0,64,3,1,9,3,3,3.2,142,35.5,54
0,5,7,3,1,5,3,3,3.07,142,35.5,54
0,5,7,3,1,5,3,3,3.2,142,35.5,54
0,5,34,3,1,2,3,3,3.07,142,35.5,54
0,5,34,3,1,2,3,3,3.2,142,35.5,54
0,5,39,3,1,9,3,3,3.07,142,35.5,54
0,5,39,3,1,9,3,3,3.2,142,35.5,54
0,6,7,3,1,0,3,3,3.07,142,35.5,54
0,6,7,3,1,0,3,3,3.2,142,35.5,54
0,6,13,0,1,0,2,2,3.07,142,35.5,54
0,6,13,0,1,0,2,2,3.2,142,35.5,54
0,6,23,0,1,2,3,3,3.07,142,35.5,54
0,6,23,0,1,2,3,3,3.2,142,35.5,54
0,6,34,3,1,0,3,3,3.07,142,35.5,54
0,6,34,3,1,0,3,3,3.2,142,35.5,54
0,6,34,3,1,4,3,3,3.07,142,35.5,54
0,6,34,3,1,4,3,3,3.2,142,35.5,54
0,0,34,3,1,2,3,3,3.07,142,35.5,54
0,0,34,3,1,2,3,3,3.2,142,35.5,54
0,0,34,3,1,6,3,3,3.07,142,35.5,54
0,0,34,3,1,6,3,3,3.2,142,35.5,54
0,0,34,3,1,2,3,3,3.07,142,35.5,54
0,0,34,3,1,2,3,3,3.2,142,35.5,54
0,0,36,0,1,2,3,3,3.07,142,35.5,54
0,0,36,0,1,2,3,3,3.2,142,35.5,54
0,5,34,3,1,5,3,3,3.07,142,35.5,54
0,5,34,3,1,5,3,3,3.2,142,35.5,54
0,5,34,3,1,15,3,3,3.07,142,35.5,54
0,5,34,3,1,15,3,3,3.2,142,35.5,54
0,5,34,3,1,0,3,3,3.07,142,35.5,54
0,5,34,3,1,0,3,3,3.2,142,35.5,54
0,0,9,3,1,17,3,0,3.07,142,35.5,54
0,0,9,3,1,17,3,0,3.2,142,35.5,54
0,0,9,3,1,7,3,3,3.07,142,35.5,54
0,0,9,3,1,7,3,3,3.2,142,35.5,54
0,0,20,3,1,12,3,0,3.07,142,35.5,54
0,0,20,3,1,12,3,0,3.2,142,35.5,54
0,5,9,3,1,6,3,3,3.07,142,35.5,54
0,5,9,3,1,6,3,3,3.2,142,35.5,54
0,5,9,3,1,0,3,3,3.07,142,35.5,54
0,5,9,3,1,0,3,3,3.2,142,35.5,54
0,0,9,3,1,5,3,3,3.07,142,35.5,54
0,0,9,3,1,5,3,3,3.2,142,35.5,54
0,0,20,3,1,8,3,3,3.07,142,35.5,54
0,0,20,3,1,8,3,3,3.2,142,35.5,54
0,5,9,3,1,17,3,0,3.07,142,35.5,54
0,5,9,3,1,17,3,0,3.2,142,35.5,54
1,0,7,0,1,7,4,4,2.8,124,31,57
1,0,9,0,1,4,3,3,2.8,124,31,57
1,0,13,0,1,2,2,2,2.8,124,31,57
1,0,14,0,1,15,0,0,2.8,124,31,57
1,0,28,0,1,15,1,1,2.8,124,31,57
1,0,36,0,1,7,3,3,2.8,124,31,57
1,0,53,0,1,0,1,1,2.8,124,31,57
1,5,14,0,1,15,0,0,2.8,124,31,57
1,5,36,0,1,6,2,2,2.8,124,31,57
1,5,39,0,1,4,4,4,2.8,124,31,57
1,5,41,0,1,0,1,1,2.8,124,31,57
1,5,45,0,1,5,3,3,2.8,124,31,57
1,5,53,0,1,0,1,1,2.8,124,31,57
1,5,64,0,1,4,2,2,2.8,124,31,57
1,0,0,0,1,5,3,3,2.8,124,31,57
1,0,14,0,1,15,0,0,2.8,124,31,57
1,0,15,0,1,4,4,4,2.8,124,31,57
1,0,20,0,1,7,3,3,2.8,124,31,57
1,0,36,0,1,6,3,3,2.8,124,31,57
1,0,53,0,1,0,1,1,2.8,124,31,57
1,0,55,0,1,8,3,3,2.8,124,31,57
1,5,14,0,1,13,0,0,2.8,124,31,57
1,5,36,0,1,0,2,2,2.8,124,31,57
1,5,36,0,1,2,3,3,2.8,124,31,57
1,5,53,0,1,0,1,1,2.8,124,31,57
1,5,56,0,1,6,4,4,2.8,124,31,57
1,5,64,0,1,2,3,3,2.8,124,31,57
1,0,9,0,1,7,3,3,2.8,124,31,57
1,0,9,0,1,6,3,3,2.8,124,31,57
1,0,14,0,1,13,0,0,2.8,124,31,57
1,0,39,0,1,4,3,3,2.8,124,31,57
1,0,46,0,1,2,3,3,2.8,124,31,57
1,0,53,0,1,0,1,1,2.8,124,31,57
1,0,64,0,1,7,1,1,2.8,124,31,57
1,5,0,0,1,12,3,0,2.8,124,31,57
1,5,9,0,1,6,3,3,2.8,124,31,57
1,5,9,0,1,7,3,3,2.8,124,31,57
1,5,14,0,1,13,0,0,2.8,124,31,57
1,5,20,0,1,4,3,3,2.8,124,31,57
1,5,53,0,1,0,1,1,2.8,124,31,57
1,0,9,3,1,5,3,3,2.8,124,31,57
1,0,9,0,1,4,3,3,2.8,124,31,57
1,0,9,0,1,6,3,3,2.8,124,31,57
1,0,14,0,1,15,0,0,2.8,124,31,57
1,0,53,0,1,0,1,1,2.8,124,31,57
1,0,63,0,1,9,4,4,2.8,124,31,57
1,5,0,0,1,6,3,3,2.8,124,31,57
1,5,7,0,1,9,4,4,2.8,124,31,57
1,5,9,0,1,8,3,3,2.8,124,31,57
1,5,14,0,1,13,0,0,2.8,124,31,57
1,5,44,3,1,9,3,3,2.8,124,31,57
1,5,53,0,1,0,1,1,2.8,124,31,57
1,0,9,0,1,6,3,3,2.8,124,31,57
1,0,9,0,1,15,5,5,2.8,124,31,57
1,0,13,0,1,6,2,2,2.8,124,31,57
1,0,14,0,1,7,2,2,2.8,124,31,57
1,0,35,0,1,5,3,3,2.8,124,31,57
0,0,7,0,1,0,4,4,3.92,128,32,59
0,0,9,0,1,0,3,3,3.92,128,32,59
0,0,14,0,1,15,0,0,3.92,128,32,59
0,0,28,0,1,15,1,1,3.92,128,32,59
0,0,36,0,1,0,3,3,3.92,128,32,59
0,0,53,0,1,0,1,1,3.92,128,32,59
0,0,64,0,1,2,3,3,3.92,128,32,59
0,5,7,0,1,2,4,4,3.92,128,32,59
0,5,14,0,1,15,0,0,3.92,128,32,59
0,5,36,0,1,0,2,2,3.92,128,32,59
0,5,36,0,1,0,2,2,3.92,128,32,59
0,5,39,0,1,0,4,4,3.92,128,32,59
0,5,53,0,1,0,1,1,3.92,128,32,59
0,5,64,0,1,2,3,3,3.92,128,32,59
0,0,0,0,1,0,3,3,3.92,128,32,59
0,0,14,0,1,15,0,0,3.92,128,32,59
0,0,15,0,1,0,3,3,3.92,128,32,59
0,0,20,0,1,0,3,3,3.92,128,32,59
0,0,36,0,1,2,3,3,3.92,128,32,59
0,0,53,0,1,0,1,1,3.92,128,32,59
0,0,55,0,1,0,3,3,3.92,128,32,59
0,5,0,0,1,2,3,3,3.92,128,32,59
0,5,14,0,1,13,0,0,3.92,128,32,59
0,5,14,0,1,0,2,2,3.92,128,32,59
0,5,20,0,1,0,3,3,3.92,128,32,59
0,5,21,0,1,2,3,3,3.92,128,32,59
0,5,36,0,1,0,3,3,3.92,128,32,59
0,5,53,0,1,0,1,1,3.92,128,32,59
0,5,64,0,1,0,1,1,3.92,128,32,59
0,0,6,0,1,0,3,3,3.92,128,32,59
0,0,6,0,1,0,1,1,3.92,128,32,59
0,0,9,0,1,0,3,3,3.92,128,32,59
0,0,9,0,1,2,3,3,3.92,128,32,59
0,0,14,0,1,15,0,0,3.92,128,32,59
0,0,46,0,1,0,3,3,3.92,128,32,59
0,0,53,0,1,0,1,1,3.92,128,32,59
0,0,63,0,1,0,4,4,3.92,128,32,59
0,5,9,3,1,0,3,3,3.92,128,32,59
0,5,9,0,1,0,3,3,3.92,128,32,59
0,5,9,0,1,0,3,3,3.92,128,32,59
0,5,13,0,1,0,2,2,3.92,128,32,59
0,5,14,0,1,15,0,0,3.92,128,32,59
0,5,53,0,1,0,1,1,3.92,128,32,59
0,5,63,0,1,2,4,4,3.92,128,32,59
0,0,7,0,1,0,2,2,3.92,128,32,59
0,0,9,0,1,2,3,3,3.92,128,32,59
0,0,9,0,1,0,3,3,3.92,128,32,59
0,0,9,0,1,15,2,2,3.92,128,32,59
0,0,14,0,1,13,0,0,3.92,128,32,59
0,0,39,0,1,0,3,3,3.92,128,32,59
0,0,53,0,1,0,1,1,3.92,128,32,59
0,0,63,0,1,0,3,3,3.92,128,32,59
0,5,9,0,1,0,3,3,3.92,128,32,59
0,5,9,0,1,0,3,3,3.92,128,32,59
0,5,9,0,1,15,1,1,3.92,128,32,59
0,5,9,0,1,0,3,3,3.92,128,32,59
0,5,14,0,1,15,0,0,3.92,128,32,59
0,5,53,0,1,0,1,1,3.92,128,32,59
0,5,63,0,1,2,3,3,3.92,128,32,59
1,0,9,0,1,0,3,3,3.81,127,31.75,59
1,0,13,0,1,0,2,2,3.81,127,31.75,59
1,0,14,0,1,15,0,0,3.81,127,31.75,59
1,0,28,3,1,15,1,1,3.81,127,31.75,59
1,0,36,0,1,0,3,3,3.81,127,31.75,59
1,0,53,0,1,0,1,1,3.81,127,31.75,59
1,0,64,0,1,2,3,3,3.81,127,31.75,59
1,5,14,0,1,15,0,0,3.81,127,31.75,59
1,5,15,0,1,0,4,4,3.81,127,31.75,59
1,5,36,0,1,0,2,2,3.81,127,31.75,59
1,5,36,0,1,0,2,2,3.81,127,31.75,59
1,5,39,0,1,0,4,4,3.81,127,31.75,59
1,5,53,0,1,0,1,1,3.81,127,31.75,59
1,5,64,0,1,0,3,3,3.81,127,31.75,59
1,0,0,0,1,2,3,3,3.81,127,31.75,59
1,0,7,0,1,0,4,4,3.81,127,31.75,59
1,0,14,0,1,15,0,0,3.81,127,31.75,59
1,0,14,0,1,0,2,2,3.81,127,31.75,59
1,0,20,0,1,0,3,3,3.81,127,31.75,59
1,0,36,0,1,2,3,3,3.81,127,31.75,59
1,0,53,0,1,0,1,1,3.81,127,31.75,59
1,5,0,0,1,4,3,3,3.81,127,31.75,59
1,5,7,0,1,5,4,4,3.81,127,31.75,59
1,5,14,0,1,15,0,0,3.81,127,31.75,59
1,5,20,0,1,0,3,3,3.81,127,31.75,59
1,5,36,0,1,2,3,3,3.81,127,31.75,59
1,5,53,0,1,0,1,1,3.81,127,31.75,59
1,5,55,0,1,0,3,3,3.81,127,31.75,59
1,0,6,3,1,15,3,3,3.81,127,31.75,59
1,0,6,0,1,15,1,1,3.81,127,31.75,59
1,0,9,0,1,0,3,3,3.81,127,31.75,59
1,0,9,0,1,0,3,3,3.81,127,31.75,59
1,0,14,0,1,15,0,0,3.81,127,31.75,59
1,0,15,0,1,4,3,3,3.81,127,31.75,59
1,0,46,0,1,0,3,3,3.81,127,31.75,59
1,0,53,0,1,0,1,1,3.81,127,31.75,59
1,0,64,0,1,0,1,1,3.81,127,31.75,59
1,5,9,0,1,0,3,3,3.81,127,31.75,59
1,5,9,0,1,2,3,3,3.81,127,31.75,59
1,5,14,0,1,15,0,0,3.81,127,31.75,59
1,5,15,0,1,2,3,3,3.81,127,31.75,59
1,5,39,0,1,0,3,3,3.81,127,31.75,59
1,5,53,0,1,0,1,1,3.81,127,31.75,59
1,0,7,0,1,2,2,2,3.81,127,31.75,59
1,0,9,0,1,2,3,3,3.81,127,31.75,59
1,0,9,0,1,0,3,3,3.81,127,31.75,59
1,0,9,0,1,15,3,3,3.81,127,31.75,59
1,0,14,0,1,13,0,0,3.81,127,31.75,59
1,0,15,0,1,2,3,3,3.81,127,31.75,59
1,0,15,3,1,2,3,3,3.81,127,31.75,59
1,0,53,0,1,0,1,1,3.81,127,31.75,59
1,5,9,0,1,0,3,3,3.81,127,31.75,59
1,5,9,0,1,2,3,3,3.81,127,31.75,59
1,5,9,0,1,15,2,2,3.81,127,31.75,59
1,5,9,0,1,2,3,3,3.81,127,31.75,59
1,5,14,0,1,13,0,0,3.81,127,31.75,59
1,5,15,0,1,5,3,3,3.81,127,31.75,59
1,5,15,0,1,0,1,1,3.81,127,31.75,59
1,5,53,0,1,0,1,1,3.81,127,31.75,59
0,0,9,0,1,2,3,3,3.44,140,35,63
0,0,14,0,1,15,0,0,3.44,140,35,63
0,0,15,0,1,5,3,3,3.44,140,35,63
0,0,28,0,1,15,1,1,3.44,140,35,63
0,0,39,0,1,16,4,4,3.44,140,35,63
0,0,64,0,1,4,3,3,3.44,140,35,63
0,5,7,0,1,5,4,4,3.44,140,35,63
0,5,14,0,1,15,0,0,3.44,140,35,63
0,5,36,0,1,2,2,2,3.44,140,35,63
0,5,36,0,1,0,2,2,3.44,140,35,63
0,5,39,0,1,6,4,4,3.44,140,35,63
0,5,53,0,1,0,1,1,3.44,140,35,63
0,5,64,0,1,5,3,3,3.44,140,35,63
0,0,0,0,1,0,3,3,3.44,140,35,63
0,0,7,0,1,5,4,4,3.44,140,35,63
0,0,7,0,1,2,2,2,3.44,140,35,63
0,0,14,0,1,15,0,0,3.44,140,35,63
0,0,20,0,1,0,3,3,3.44,140,35,63
0,0,36,0,1,2,3,3,3.44,140,35,63
0,0,36,0,1,5,3,3,3.44,140,35,63
0,0,53,0,1,0,1,1,3.44,140,35,63
0,5,0,0,1,8,3,3,3.44,140,35,63
0,5,14,0,1,13,0,0,3.44,140,35,63
0,5,14,0,1,0,2,2,3.44,140,35,63
0,5,20,0,1,0,3,3,3.44,140,35,63
0,5,21,0,1,2,3,3,3.44,140,35,63
0,5,36,0,1,2,3,3,3.44,140,35,63
0,5,53,0,1,0,1,1,3.44,140,35,63
0,5,55,0,1,0,3,3,3.44,140,35,63
0,5,64,0,1,4,1,1,3.44,140,35,63
0,0,6,0,1,4,3,3,3.44,140,35,63
0,0,6,0,1,4,1,1,3.44,140,35,63
0,0,9,0,1,5,3,3,3.44,140,35,63
0,0,9,0,1,5,3,3,3.44,140,35,63
0,0,14,0,1,15,0,0,3.44,140,35,63
0,0,46,0,1,0,3,3,3.44,140,35,63
0,0,53,0,1,0,1,1,3.44,140,35,63
0,0,53,0,1,0,1,1,3.44,140,35,63
0,0,63,0,1,4,4,4,3.44,140,35,63
0,5,9,0,1,0,3,3,3.44,140,35,63
0,5,9,0,1,2,3,3,3.44,140,35,63
0,5,13,0,1,0,2,2,3.44,140,35,63
0,5,14,0,1,15,0,0,3.44,140,35,63
0,5,53,0,1,0,1,1,3.44,140,35,63
0,5,63,0,1,7,4,4,3.44,140,35,63
0,0,0,0,1,15,3,3,3.44,140,35,63
0,0,9,0,1,0,3,3,3.44,140,35,63
0,0,9,0,1,4,3,3,3.44,140,35,63
0,0,14,0,1,15,0,0,3.44,140,35,63
0,0,15,0,1,8,3,3,3.44,140,35,63
0,0,39,0,1,2,3,3,3.44,140,35,63
0,0,41,0,1,4,1,1,3.44,140,35,63
0,0,63,0,1,4,3,3,3.44,140,35,63
0,5,9,3,1,0,3,3,3.44,140,35,63
0,5,9,0,1,5,3,3,3.44,140,35,63
0,5,9,0,1,0,3,3,3.44,140,35,63
0,5,9,0,1,2,3,3,3.44,140,35,63
0,5,14,0,1,15,0,0,3.44,140,35,63
0,5,31,0,1,15,1,1,3.44,140,35,63
0,5,53,0,1,0,1,1,3.44,140,35,63
0,5,63,0,1,15,3,3,3.44,140,35,63
0,6,31,0,1,15,1,1,3.44,140,35,63
0,6,35,0,1,4,3,3,3.44,140,35,63
0,0,12,0,1,4,5,5,3.74,150,37.5,62
0,0,14,0,1,15,0,0,3.74,150,37.5,62
0,0,28,3,1,15,1,1,3.74,150,37.5,62
0,0,53,0,1,0,1,1,3.74,150,37.5,62
0,0,63,0,1,0,4,4,3.74,150,37.5,62
0,0,64,0,1,2,3,3,3.74,150,37.5,62
0,5,6,3,1,0,1,1,3.74,150,37.5,62
0,5,6,0,1,4,4,4,3.74,150,37.5,62
0,5,12,0,1,4,5,5,3.74,150,37.5,62
0,5,14,0,1,15,0,0,3.74,150,37.5,62
0,5,51,0,1,2,3,3,3.74,150,37.5,62
0,5,64,0,1,0,3,3,3.74,150,37.5,62
0,0,6,0,1,4,4,4,3.74,150,37.5,62
0,0,6,0,1,4,1,1,3.74,150,37.5,62
0,0,14,0,1,15,0,0,3.74,150,37.5,62
0,0,26,0,1,0,3,3,3.74,150,37.5,62
0,0,36,0,1,2,3,3,3.74,150,37.5,62
0,0,53,0,1,0,1,1,3.74,150,37.5,62
0,0,55,0,1,0,3,3,3.74,150,37.5,62
0,5,6,0,1,0,4,4,3.74,150,37.5,62
0,5,6,0,1,0,1,1,3.74,150,37.5,62
0,5,14,0,1,15,0,0,3.74,150,37.5,62
0,5,36,0,1,0,2,2,3.74,150,37.5,62
0,5,36,0,1,0,2,2,3.74,150,37.5,62
0,5,56,0,1,0,3,3,3.74,150,37.5,62
0,5,56,0,1,0,1,1,3.74,150,37.5,62
0,5,59,0,1,0,3,3,3.74,150,37.5,62
0,0,7,0,1,0,4,4,3.74,150,37.5,62
0,0,13,3,1,0,2,2,3.74,150,37.5,62
0,0,14,0,1,15,0,0,3.74,150,37.5,62
0,0,26,0,1,0,3,3,3.74,150,37.5,62
0,0,26,0,1,0,2,2,3.74,150,37.5,62
0,0,36,0,1,0,3,3,3.74,150,37.5,62
0,0,53,0,1,0,1,1,3.74,150,37.5,62
0,5,7,0,1,0,4,4,3.74,150,37.5,62
0,5,14,0,1,15,0,0,3.74,150,37.5,62
0,5,14,0,1,0,2,2,3.74,150,37.5,62
0,5,26,0,1,4,4,4,3.74,150,37.5,62
0,5,36,0,1,0,3,3,3.74,150,37.5,62
0,5,39,0,1,0,3,3,3.74,150,37.5,62
0,6,26,0,1,15,4,4,3.74,150,37.5,62
0,0,7,0,1,0,2,2,3.74,150,37.5,62
0,0,14,0,1,15,0,0,3.74,150,37.5,62
0,0,15,0,1,5,3,3,3.74,150,37.5,62
0,0,21,0,1,0,3,3,3.74,150,37.5,62
0,0,26,0,1,0,3,3,3.74,150,37.5,62
0,0,53,0,1,0,1,1,3.74,150,37.5,62
0,0,55,0,1,0,3,3,3.74,150,37.5,62
0,5,14,0,1,15,0,0,3.74,150,37.5,62
0,5,26,0,1,0,3,3,3.74,150,37.5,62
0,0,9,3,1,0,3,3,3.74,150,37.5,62
0,0,9,3,1,0,3,3,3.74,150,37.5,62
0,0,9,3,1,0,3,3,3.74,150,37.5,62
0,0,20,3,1,0,3,3,3.74,150,37.5,62
0,5,9,3,1,0,3,3,3.74,150,37.5,62
0,5,9,3,1,0,3,3,3.74,150,37.5,62
0,5,9,3,1,0,3,3,3.74,150,37.5,62
0,5,9,3,1,0,3,3,3.74,150,37.5,62
0,6,0,3,1,0,3,3,3.74,150,37.5,62
0,6,9,3,1,0,3,3,3.74,150,37.5,62
0,6,9,3,1,0,3,3,3.74,150,37.5,62
0,6,9,3,1,0,3,3,3.74,150,37.5,62
1,5,0,3,1,0,3,3,3.73,204,51,66
1,5,0,3,1,0,3,3,3.73,204,51,66
1,5,0,3,1,0,3,3,3.73,204,51,66
1,5,0,3,1,0,3,3,3.73,204,51,66
1,5,36,3,1,0,2,2,3.73,204,51,66
1,5,36,3,1,0,2,2,3.73,204,51,66
1,6,7,3,1,2,4,4,3.73,204,51,66
1,6,7,3,1,2,4,4,3.73,204,51,66
1,6,7,3,1,4,4,4,3.73,204,51,66
1,6,7,3,1,4,4,4,3.73,204,51,66
1,0,44,3,1,2,3,3,3.73,204,51,66
1,0,44,3,1,2,3,3,3.73,204,51,66
1,0,44,3,1,0,3,3,3.73,204,51,66
1,0,44,3,1,0,3,3,3.73,204,51,66
1,5,44,3,1,4,3,3,3.73,204,51,66
1,5,44,3,1,4,3,3,3.73,204,51,66
1,5,46,3,1,0,3,3,3.73,204,51,66
1,5,46,3,1,0,3,3,3.73,204,51,66
1,6,44,3,1,0,3,3,3.73,204,51,66
1,6,44,3,1,0,3,3,3.73,204,51,66
1,6,44,3,1,2,3,3,3.73,204,51,66
1,6,44,3,1,2,3,3,3.73,204,51,66
1,0,7,3,1,0,4,4,3.73,204,51,66
1,0,7,3,1,0,4,4,3.73,204,51,66
1,0,7,3,1,0,4,4,3.73,204,51,66
1,0,7,3,1,0,4,4,3.73,204,51,66
1,0,44,3,1,0,3,3,3.73,204,51,66
1,0,44,3,1,0,3,3,3.73,204,51,66
1,0,44,3,1,2,3,3,3.73,204,51,66
1,0,44,3,1,2,3,3,3.73,204,51,66
1,5,7,3,1,0,4,4,3.73,204,51,66
1,5,7,3,1,0,4,4,3.73,204,51,66
1,5,20,3,1,5,3,3,3.73,204,51,66
1,5,20,3,1,5,3,3,3.73,204,51,66
1,5,44,3,1,0,3,3,3.73,204,51,66
1,5,44,3,1,0,3,3,3.73,204,51,66
1,6,14,3,1,0,2,2,3.73,204,51,66
1,6,14,3,1,0,2,2,3.73,204,51,66
1,6,44,3,1,5,3,3,3.73,204,51,66
1,6,44,3,1,5,3,3,3.73,204,51,66
1,6,44,3,1,5,3,3,3.73,204,51,66
1,6,44,3,1,5,3,3,3.73,204,51,66
1,0,9,3,1,0,3,3,3.73,204,51,66
1,0,9,3,1,0,3,3,3.73,204,51,66
1,0,9,3,1,0,3,3,3.73,204,51,66
1,0,9,3,1,0,3,3,3.73,204,51,66
1,5,9,3,1,2,3,3,3.73,204,51,66
1,5,9,3,1,2,3,3,3.73,204,51,66
1,5,9,3,1,0,3,3,3.73,204,51,66
1,5,9,3,1,0,3,3,3.73,204,51,66
1,5,9,3,1,5,3,3,3.73,204,51,66
1,5,9,3,1,5,3,3,3.73,204,51,66
1,5,9,3,1,0,3,3,3.73,204,51,66
1,5,9,3,1,0,3,3,3.73,204,51,66
1,6,0,3,1,0,3,3,3.73,204,51,66
1,6,0,3,1,0,3,3,3.73,204,51,66
1,6,9,3,1,0,3,3,3.73,204,51,66
1,6,9,3,1,0,3,3,3.73,204,51,66
1,6,9,3,1,0,3,3,3.73,204,51,66
1,6,9,3,1,0,3,3,3.73,204,51,66
1,6,9,3,1,2,3,3,3.73,204,51,66
1,6,9,3,1,2,3,3,3.73,204,51,66
1,0,9,3,1,0,3,3,3.73,204,51,66
1,0,9,3,1,0,3,3,3.73,204,51,66
1,0,20,3,1,0,3,3,3.73,204,51,66
1,0,20,3,1,0,3,3,3.73,204,51,66
0,0,7,3,1,0,4,4,2.83,154,38.5,52
0,0,7,3,1,0,4,4,2.83,154,38.5,52
0,0,44,3,1,2,3,3,2.83,154,38.5,52
0,0,44,3,1,2,3,3,2.83,154,38.5,52
0,5,34,3,1,4,3,3,2.83,154,38.5,52
0,5,34,3,1,4,3,3,2.83,154,38.5,52
0,5,34,3,1,6,3,3,2.83,154,38.5,52
0,5,34,3,1,6,3,3,2.83,154,38.5,52
0,5,39,3,1,7,3,3,2.83,154,38.5,52
0,5,39,3,1,7,3,3,2.83,154,38.5,52
0,5,44,3,1,2,3,3,2.83,154,38.5,52
0,5,44,3,1,2,3,3,2.83,154,38.5,52
0,6,0,3,1,8,3,3,2.83,154,38.5,52
0,6,0,3,1,8,3,3,2.83,154,38.5,52
0,6,7,3,1,9,4,4,2.83,154,38.5,52
0,6,7,3,1,9,4,4,2.83,154,38.5,52
0,6,34,3,1,0,3,3,2.83,154,38.5,52
0,6,34,3,1,0,3,3,2.83,154,38.5,52
0,6,46,3,1,4,3,3,2.83,154,38.5,52
0,6,46,3,1,4,3,3,2.83,154,38.5,52
0,0,44,3,1,7,3,3,2.83,154,38.5,52
0,0,44,3,1,7,3,3,2.83,154,38.5,52
0,0,44,3,1,17,3,0,2.83,154,38.5,52
0,0,44,3,1,17,3,0,2.83,154,38.5,52
0,0,44,3,1,7,3,3,2.83,154,38.5,52
0,0,44,3,1,7,3,3,2.83,154,38.5,52
0,0,44,0,1,6,3,3,2.83,154,38.5,52
0,0,44,0,1,6,3,3,2.83,154,38.5,52
0,0,9,3,1,5,3,3,2.83,154,38.5,52
0,0,9,3,1,5,3,3,2.83,154,38.5,52
0,0,9,3,1,2,3,3,2.83,154,38.5,52
0,0,9,3,1,2,3,3,2.83,154,38.5,52
0,0,9,3,1,4,3,3,2.83,154,38.5,52
0,0,9,3,1,4,3,3,2.83,154,38.5,52
0,0,20,3,1,5,3,3,2.83,154,38.5,52
0,0,20,3,1,5,3,3,2.83,154,38.5,52
0,5,9,3,1,4,3,3,2.83,154,38.5,52
0,5,9,3,1,4,3,3,2.83,154,38.5,52
0,5,9,3,1,2,3,3,2.83,154,38.5,52
0,5,9,3,1,2,3,3,2.83,154,38.5,52
0,5,9,3,1,4,3,3,2.83,154,38.5,52
0,5,9,3,1,4,3,3,2.83,154,38.5,52
0,5,9,3,1,0,3,3,2.83,154,38.5,52
0,5,9,3,1,0,3,3,2.83,154,38.5,52
0,6,0,3,1,5,3,3,2.83,154,38.5,52
0,6,0,3,1,5,3,3,2.83,154,38.5,52
0,6,9,3,1,0,3,3,2.83,154,38.5,52
0,6,9,3,1,0,3,3,2.83,154,38.5,52
0,6,9,3,1,6,3,3,2.83,154,38.5,52
0,6,9,3,1,6,3,3,2.83,154,38.5,52
0,6,9,3,1,0,3,3,2.83,154,38.5,52
0,6,9,3,1,0,3,3,2.83,154,38.5,52
1,6,7,3,1,2,3,3,3.74,202,50.5,66
1,6,7,3,1,2,3,3,3.74,202,50.5,66
1,6,35,3,1,4,3,3,3.74,202,50.5,66
1,6,35,3,1,4,3,3,3.74,202,50.5,66
1,0,7,3,1,0,4,4,3.74,202,50.5,66
1,0,7,3,1,0,4,4,3.74,202,50.5,66
1,0,44,3,1,0,3,3,3.74,202,50.5,66
1,0,44,3,1,0,3,3,3.74,202,50.5,66
1,0,44,3,1,0,3,3,3.74,202,50.5,66
1,0,44,3,1,0,3,3,3.74,202,50.5,66
1,0,44,3,1,0,3,3,3.74,202,50.5,66
1,0,44,3,1,0,3,3,3.74,202,50.5,66
1,5,34,3,1,0,3,3,3.74,202,50.5,66
1,5,34,3,1,0,3,3,3.74,202,50.5,66
1,5,34,3,1,6,3,3,3.74,202,50.5,66
1,5,34,3,1,6,3,3,3.74,202,50.5,66
1,5,44,3,1,0,3,3,3.74,202,50.5,66
1,5,44,3,1,0,3,3,3.74,202,50.5,66
1,5,44,3,1,0,3,3,3.74,202,50.5,66
1,5,44,3,1,0,3,3,3.74,202,50.5,66
1,6,7,3,1,0,4,4,3.74,202,50.5,66
1,6,7,3,1,0,4,4,3.74,202,50.5,66
1,6,34,3,1,0,3,3,3.74,202,50.5,66
1,6,34,3,1,0,3,3,3.74,202,50.5,66
1,6,44,3,1,4,3,3,3.74,202,50.5,66
1,6,44,3,1,4,3,3,3.74,202,50.5,66
1,0,44,3,1,0,3,3,3.74,202,50.5,66
1,0,44,3,1,0,3,3,3.74,202,50.5,66
1,0,44,3,1,0,3,3,3.74,202,50.5,66
1,0,44,3,1,0,3,3,3.74,202,50.5,66
1,0,46,3,1,2,3,3,3.74,202,50.5,66
1,0,46,3,1,2,3,3,3.74,202,50.5,66
1,0,46,3,1,0,3,3,3.74,202,50.5,66
1,0,46,3,1,0,3,3,3.74,202,50.5,66
1,5,9,1,1,2,3,3,3.74,202,50.5,66
1,5,9,1,1,2,3,3,3.74,202,50.5,66
1,5,44,3,1,5,3,3,3.74,202,50.5,66
1,5,44,3,1,5,3,3,3.74,202,50.5,66
1,5,46,3,1,0,3,3,3.74,202,50.5,66
1,5,46,3,1,0,3,3,3.74,202,50.5,66
1,5,55,3,1,5,3,3,3.74,202,50.5,66
1,5,55,3,1,5,3,3,3.74,202,50.5,66
1,5,59,3,1,2,3,3,3.74,202,50.5,66
1,5,59,3,1,2,3,3,3.74,202,50.5,66
1,0,9,3,1,0,3,3,3.74,202,50.5,66
1,0,9,3,1,0,3,3,3.74,202,50.5,66
1,5,9,3,1,2,3,3,3.74,202,50.5,66
1,5,9,3,1,2,3,3,3.74,202,50.5,66
1,5,9,3,1,2,3,3,3.74,202,50.5,66
1,5,9,3,1,2,3,3,3.74,202,50.5,66
1,5,9,3,1,0,3,3,3.74,202,50.5,66
1,5,9,3,1,0,3,3,3.74,202,50.5,66
1,6,0,3,1,0,3,3,3.74,202,50.5,66
1,6,0,3,1,0,3,3,3.74,202,50.5,66
1,6,9,3,1,0,3,3,3.74,202,50.5,66
1,6,9,3,1,0,3,3,3.74,202,50.5,66
1,6,9,3,1,2,3,3,3.74,202,50.5,66
1,6,9,3,1,2,3,3,3.74,202,50.5,66
1,6,9,3,1,0,3,3,3.74,202,50.5,66
1,6,9,3,1,0,3,3,3.74,202,50.5,66
1,0,9,3,1,0,3,3,3.74,202,50.5,66
1,0,9,3,1,0,3,3,3.74,202,50.5,66
1,0,9,3,1,5,3,3,3.74,202,50.5,66
1,0,9,3,1,5,3,3,3.74,202,50.5,66
1,0,20,3,1,0,3,3,3.74,202,50.5,66
1,0,20,3,1,0,3,3,3.74,202,50.5,66
1,0,12,0,1,0,4,4,3.87,135,33.75,57
1,0,12,0,1,0,1,1,3.87,135,33.75,57
1,0,13,0,1,0,2,2,3.87,135,33.75,57
1,0,14,0,1,15,0,0,3.87,135,33.75,57
1,0,36,0,1,2,3,3,3.87,135,33.75,57
1,0,53,0,1,0,1,1,3.87,135,33.75,57
1,0,64,0,1,4,3,3,3.87,135,33.75,57
1,5,6,3,1,0,1,1,3.87,135,33.75,57
1,5,6,0,1,0,3,3,3.87,135,33.75,57
1,5,6,0,1,0,1,1,3.87,135,33.75,57
1,5,12,0,1,0,4,4,3.87,135,33.75,57
1,5,12,0,1,0,1,1,3.87,135,33.75,57
1,5,14,0,1,15,0,0,3.87,135,33.75,57
1,5,51,0,1,2,3,3,3.87,135,33.75,57
1,5,53,0,1,0,1,1,3.87,135,33.75,57
1,5,64,0,1,0,3,3,3.87,135,33.75,57
1,0,6,0,1,0,4,4,3.87,135,33.75,57
1,0,6,0,1,0,1,1,3.87,135,33.75,57
1,0,14,0,1,15,0,0,3.87,135,33.75,57
1,0,26,0,1,0,3,3,3.87,135,33.75,57
1,0,39,0,1,2,3,3,3.87,135,33.75,57
1,0,53,0,1,0,1,1,3.87,135,33.75,57
1,0,59,0,1,0,3,3,3.87,135,33.75,57
1,5,6,0,1,0,4,4,3.87,135,33.75,57
1,5,6,0,1,0,1,1,3.87,135,33.75,57
1,5,7,0,1,0,4,4,3.87,135,33.75,57
1,5,14,0,1,15,0,0,3.87,135,33.75,57
1,5,36,0,1,4,3,3,3.87,135,33.75,57
1,5,53,0,1,0,1,1,3.87,135,33.75,57
1,5,56,0,1,0,3,3,3.87,135,33.75,57
1,5,56,0,1,0,1,1,3.87,135,33.75,57
1,0,7,0,1,0,4,4,3.87,135,33.75,57
1,0,14,0,1,15,0,0,3.87,135,33.75,57
1,0,15,0,1,0,3,3,3.87,135,33.75,57
1,0,26,0,1,0,3,3,3.87,135,33.75,57
1,0,26,0,1,0,2,2,3.87,135,33.75,57
1,0,26,0,1,0,3,3,3.87,135,33.75,57
1,0,59,3,1,0,3,3,3.87,135,33.75,57
1,5,7,0,1,0,3,3,3.87,135,33.75,57
1,5,14,0,1,15,0,0,3.87,135,33.75,57
1,5,14,0,1,0,2,2,3.87,135,33.75,57
1,5,26,0,1,5,4,4,3.87,135,33.75,57
1,5,26,0,1,0,3,3,3.87,135,33.75,57
1,5,26,0,1,15,3,3,3.87,135,33.75,57
1,5,55,0,1,0,3,3,3.87,135,33.75,57
1,0,9,3,1,0,3,3,3.87,135,33.75,57
1,0,9,3,1,0,3,3,3.87,135,33.75,57
1,0,9,3,1,2,3,3,3.87,135,33.75,57
1,0,20,3,1,4,3,3,3.87,135,33.75,57
1,5,9,3,1,0,3,3,3.87,135,33.75,57
1,5,9,3,1,2,3,3,3.87,135,33.75,57
1,5,9,3,1,0,3,3,3.87,135,33.75,57
1,5,9,3,1,2,3,3,3.87,135,33.75,57
1,6,0,3,1,5,3,3,3.87,135,33.75,57
1,6,9,3,1,0,3,3,3.87,135,33.75,57
1,6,9,3,1,4,3,3,3.87,135,33.75,57
1,6,9,3,1,0,3,3,3.87,135,33.75,57
0,5,57,1,1,5,3,3,3.43,230,57.5,82
0,5,57,1,1,5,3,3,3.43,230,57.5,82
0,5,64,3,1,2,3,3,3.43,230,57.5,82
0,5,64,3,1,2,3,3,3.43,230,57.5,82
0,6,35,3,1,2,3,3,3.43,230,57.5,82
0,6,35,3,1,2,3,3,3.43,230,57.5,82
0,6,39,0,1,4,3,3,3.43,230,57.5,82
0,6,39,0,1,4,3,3,3.43,230,57.5,82
0,0,6,3,1,0,3,3,3.43,230,57.5,82
0,0,6,3,1,0,3,3,3.43,230,57.5,82
0,0,6,0,1,0,1,1,3.43,230,57.5,82
0,0,6,0,1,0,1,1,3.43,230,57.5,82
0,0,23,3,1,0,3,3,3.43,230,57.5,82
0,0,23,3,1,0,3,3,3.43,230,57.5,82
0,5,7,3,1,0,4,4,3.43,230,57.5,82
0,5,7,3,1,0,4,4,3.43,230,57.5,82
0,5,15,3,1,5,3,3,3.43,230,57.5,82
0,5,15,3,1,5,3,3,3.43,230,57.5,82
0,6,44,3,1,4,3,3,3.43,230,57.5,82
0,6,44,3,1,4,3,3,3.43,230,57.5,82
0,6,46,3,1,2,3,3,3.43,230,57.5,82
0,6,46,3,1,2,3,3,3.43,230,57.5,82
0,0,0,3,1,9,3,3,3.43,230,57.5,82
0,0,0,3,1,9,3,3,3.43,230,57.5,82
0,0,0,3,1,7,3,3,3.43,230,57.5,82
0,0,0,3,1,7,3,3,3.43,230,57.5,82
0,0,44,3,1,0,3,3,3.43,230,57.5,82
0,0,44,3,1,0,3,3,3.43,230,57.5,82
0,5,39,0,1,4,3,3,3.43,230,57.5,82
0,5,39,0,1,4,3,3,3.43,230,57.5,82
0,5,44,3,1,0,3,3,3.43,230,57.5,82
0,5,44,3,1,0,3,3,3.43,230,57.5,82
0,5,44,3,1,0,3,3,3.43,230,57.5,82
0,5,44,3,1,0,3,3,3.43,230,57.5,82
0,5,44,0,1,2,3,3,3.43,230,57.5,82
0,5,44,0,1,2,3,3,3.43,230,57.5,82
0,6,7,3,1,0,4,4,3.43,230,57.5,82
0,6,7,3,1,0,4,4,3.43,230,57.5,82
0,6,20,3,1,9,3,3,3.43,230,57.5,82
0,6,20,3,1,9,3,3,3.43,230,57.5,82
0,6,35,3,1,0,1,1,3.43,230,57.5,82
0,6,35,3,1,0,1,1,3.43,230,57.5,82
0,6,35,3,1,0,3,3,3.43,230,57.5,82
0,6,35,3,1,0,3,3,3.43,230,57.5,82
0,6,44,3,1,4,3,3,3.43,230,57.5,82
0,6,44,3,1,4,3,3,3.43,230,57.5,82
0,0,9,3,1,0,3,3,3.43,230,57.5,82
0,0,9,3,1,0,3,3,3.43,230,57.5,82
0,0,35,3,1,0,3,3,3.43,230,57.5,82
0,0,35,3,1,0,3,3,3.43,230,57.5,82
0,0,44,3,1,0,3,3,3.43,230,57.5,82
0,0,44,3,1,0,3,3,3.43,230,57.5,82
0,0,44,3,1,2,3,3,3.43,230,57.5,82
0,0,44,3,1,2,3,3,3.43,230,57.5,82
0,0,44,3,1,6,3,3,3.43,230,57.5,82
0,0,44,3,1,6,3,3,3.43,230,57.5,82
0,5,9,3,1,0,3,3,3.43,230,57.5,82
0,5,9,3,1,0,3,3,3.43,230,57.5,82
0,5,9,3,1,2,3,3,3.43,230,57.5,82
0,5,9,3,1,2,3,3,3.43,230,57.5,82
0,5,9,3,1,12,3,0,3.43,230,57.5,82
0,5,9,3,1,12,3,0,3.43,230,57.5,82
0,5,9,3,1,0,3,3,3.43,230,57.5,82
0,5,9,3,1,0,3,3,3.43,230,57.5,82
0,6,0,3,1,4,3,3,3.43,230,57.5,82
0,6,0,3,1,4,3,3,3.43,230,57.5,82
0,6,9,3,1,0,3,3,3.43,230,57.5,82
0,6,9,3,1,0,3,3,3.43,230,57.5,82
0,6,9,3,1,0,3,3,3.43,230,57.5,82
0,6,9,3,1,0,3,3,3.43,230,57.5,82
0,6,9,3,1,4,3,3,3.43,230,57.5,82
0,6,9,3,1,4,3,3,3.43,230,57.5,82
0,0,9,3,1,2,3,3,3.43,230,57.5,82
0,0,9,3,1,2,3,3,3.43,230,57.5,82
0,0,9,3,1,0,3,3,3.43,230,57.5,82
0,0,9,3,1,0,3,3,3.43,230,57.5,82
0,0,20,3,1,0,3,3,3.43,230,57.5,82
0,0,20,3,1,0,3,3,3.43,230,57.5,82
0,5,9,3,1,0,3,3,3.43,230,57.5,82
0,5,9,3,1,0,3,3,3.43,230,57.5,82
0,5,9,3,1,15,0,0,3.43,230,57.5,82
0,5,9,3,1,15,0,0,3.43,230,57.5,82
0,0,7,0,1,0,4,4,3.83,136,34,59
0,0,9,0,1,0,3,3,3.83,136,34,59
0,0,14,0,1,15,0,0,3.83,136,34,59
0,0,15,0,1,5,3,3,3.83,136,34,59
0,0,28,0,1,15,1,1,3.83,136,34,59
0,0,36,0,1,5,3,3,3.83,136,34,59
0,0,53,0,1,0,1,1,3.83,136,34,59
0,0,64,0,1,0,3,3,3.83,136,34,59
0,5,7,0,1,2,4,4,3.83,136,34,59
0,5,14,0,1,15,0,0,3.83,136,34,59
0,5,36,0,1,0,3,3,3.83,136,34,59
0,5,55,0,1,0,3,3,3.83,136,34,59
0,5,59,0,1,0,3,3,3.83,136,34,59
0,5,64,0,1,0,3,3,3.83,136,34,59
0,5,64,3,1,2,1,1,3.83,136,34,59
0,0,6,0,1,0,3,3,3.83,136,34,59
0,0,6,0,1,0,1,1,3.83,136,34,59
0,0,9,0,1,0,3,3,3.83,136,34,59
0,0,9,0,1,0,3,3,3.83,136,34,59
0,0,14,0,1,15,0,0,3.83,136,34,59
0,0,36,0,1,2,3,3,3.83,136,34,59
0,0,59,0,1,0,1,1,3.83,136,34,59
0,0,59,0,1,0,3,3,3.83,136,34,59
0,5,9,0,1,0,3,3,3.83,136,34,59
0,5,13,0,1,0,2,2,3.83,136,34,59
0,5,14,0,1,15,0,0,3.83,136,34,59
0,5,14,0,1,0,2,2,3.83,136,34,59
0,5,20,0,1,0,3,3,3.83,136,34,59
0,5,59,0,1,0,3,3,3.83,136,34,59
0,5,59,3,1,0,3,3,3.83,136,34,59
0,0,0,0,1,0,3,3,3.83,136,34,59
0,0,9,0,1,2,3,3,3.83,136,34,59
0,0,9,0,1,5,3,3,3.83,136,34,59
0,0,14,0,1,15,0,0,3.83,136,34,59
0,0,15,0,1,0,3,3,3.83,136,34,59
0,0,46,0,1,2,3,3,3.83,136,34,59
0,0,59,0,1,0,3,3,3.83,136,34,59
0,5,0,0,1,0,3,3,3.83,136,34,59
0,5,7,0,1,0,3,3,3.83,136,34,59
0,5,9,0,1,0,3,3,3.83,136,34,59
0,5,9,0,1,0,3,3,3.83,136,34,59
0,5,9,0,1,15,3,3,3.83,136,34,59
0,5,14,0,1,15,0,0,3.83,136,34,59
0,5,59,0,1,0,3,3,3.83,136,34,59
0,6,44,2,1,5,3,3,3.83,136,34,59
0,6,59,3,1,0,3,3,3.83,136,34,59
0,0,14,0,1,15,0,0,3.83,136,34,59
0,0,46,3,1,17,3,0,3.83,136,34,59
0,0,59,3,1,6,3,3,3.83,136,34,59
0,0,59,0,1,5,3,3,3.83,136,34,59
0,0,59,0,1,0,3,3,3.83,136,34,59
0,0,59,3,1,0,3,3,3.83,136,34,59
0,0,59,0,1,0,2,2,3.83,136,34,59
0,5,9,0,1,0,3,3,3.83,136,34,59
0,5,14,0,1,15,0,0,3.83,136,34,59
0,5,39,0,1,5,3,3,3.83,136,34,59
0,5,44,1,1,0,3,3,3.83,136,34,59
0,5,44,3,1,2,3,3,3.83,136,34,59
1,0,7,0,1,2,4,4,3.59,133,33.25,63
1,0,14,0,1,15,0,0,3.59,133,33.25,63
1,0,28,0,1,15,1,1,3.59,133,33.25,63
1,0,36,0,1,4,3,3,3.59,133,33.25,63
1,0,53,0,1,0,1,1,3.59,133,33.25,63
1,0,64,0,1,4,3,3,3.59,133,33.25,63
1,5,7,0,1,0,4,4,3.59,133,33.25,63
1,5,14,0,1,15,0,0,3.59,133,33.25,63
1,5,36,0,1,4,3,3,3.59,133,33.25,63
1,5,53,0,1,0,1,1,3.59,133,33.25,63
1,5,55,0,1,5,3,3,3.59,133,33.25,63
1,5,64,0,1,2,3,3,3.59,133,33.25,63
1,0,0,0,1,2,3,3,3.59,133,33.25,63
1,0,9,0,1,5,3,3,3.59,133,33.25,63
1,0,14,0,1,15,0,0,3.59,133,33.25,63
1,0,20,0,1,4,3,3,3.59,133,33.25,63
1,0,36,0,1,6,3,3,3.59,133,33.25,63
1,0,36,0,1,2,2,2,3.59,133,33.25,63
1,0,53,0,1,0,1,1,3.59,133,33.25,63
1,5,0,0,1,2,3,3,3.59,133,33.25,63
1,5,13,0,1,0,2,2,3.59,133,33.25,63
1,5,14,0,1,15,0,0,3.59,133,33.25,63
1,5,20,0,1,5,3,3,3.59,133,33.25,63
1,5,35,0,1,4,3,3,3.59,133,33.25,63
1,5,39,0,1,4,3,3,3.59,133,33.25,63
1,5,53,0,1,0,1,1,3.59,133,33.25,63
1,0,9,0,1,4,3,3,3.59,133,33.25,63
1,0,9,0,1,2,3,3,3.59,133,33.25,63
1,0,9,0,1,2,3,3,3.59,133,33.25,63
1,0,14,0,1,15,0,0,3.59,133,33.25,63
1,0,46,0,1,0,3,3,3.59,133,33.25,63
1,0,53,0,1,0,1,1,3.59,133,33.25,63
1,5,7,0,1,15,3,3,3.59,133,33.25,63
1,5,9,0,1,0,3,3,3.59,133,33.25,63
1,5,9,0,1,2,3,3,3.59,133,33.25,63
1,5,14,0,1,15,0,0,3.59,133,33.25,63
1,5,39,0,1,4,3,3,3.59,133,33.25,63
1,5,53,0,1,0,1,1,3.59,133,33.25,63
1,5,64,3,1,2,1,1,3.59,133,33.25,63
1,0,9,0,1,5,3,3,3.59,133,33.25,63
1,0,14,0,1,15,0,0,3.59,133,33.25,63
1,0,21,0,1,0,3,3,3.59,133,33.25,63
1,0,44,3,1,2,3,3,3.59,133,33.25,63
1,0,46,3,1,0,3,3,3.59,133,33.25,63
1,0,53,0,1,0,1,1,3.59,133,33.25,63
1,5,9,0,1,0,3,3,3.59,133,33.25,63
1,5,9,0,1,0,3,3,3.59,133,33.25,63
1,5,14,0,1,15,0,0,3.59,133,33.25,63
1,5,44,3,1,2,3,3,3.59,133,33.25,63
1,5,44,3,1,2,3,3,3.59,133,33.25,63
1,5,53,0,1,0,1,1,3.59,133,33.25,63
1,0,9,0,1,0,3,3,3.59,133,33.25,63
1,0,9,0,1,15,3,3,3.59,133,33.25,63
1,0,14,0,1,15,0,0,3.59,133,33.25,63
1,0,21,0,1,5,3,3,3.59,133,33.25,63
1,0,21,0,1,0,3,3,3.59,133,33.25,63
1,5,6,0,1,15,3,3,3.59,133,33.25,63
1,5,6,0,1,0,1,1,3.59,133,33.25,63
1,5,14,0,1,15,0,0,3.59,133,33.25,63
1,5,14,0,1,0,2,2,3.59,133,33.25,63
1,5,14,0,1,2,3,3,3.59,133,33.25,63
1,5,15,0,1,0,3,3,3.59,133,33.25,63
1,0,7,3,1,0,4,4,3.83,158,39.5,54
1,0,7,3,1,0,4,4,3.83,158,39.5,54
1,0,23,3,1,0,3,3,3.83,158,39.5,54
1,0,23,3,1,0,3,3,3.83,158,39.5,54
1,0,44,3,1,0,3,3,3.83,158,39.5,54
1,0,44,3,1,0,3,3,3.83,158,39.5,54
1,0,44,3,1,0,3,3,3.83,158,39.5,54
1,0,44,3,1,0,3,3,3.83,158,39.5,54
1,0,64,3,1,0,1,1,3.83,158,39.5,54
1,0,64,3,1,0,1,1,3.83,158,39.5,54
1,5,7,3,1,0,4,4,3.83,158,39.5,54
1,5,7,3,1,0,4,4,3.83,158,39.5,54
1,5,44,3,1,2,3,3,3.83,158,39.5,54
1,5,44,3,1,2,3,3,3.83,158,39.5,54
1,5,44,0,1,0,3,3,3.83,158,39.5,54
1,5,44,0,1,0,3,3,3.83,158,39.5,54
1,5,44,3,1,5,3,3,3.83,158,39.5,54
1,5,44,3,1,5,3,3,3.83,158,39.5,54
1,5,44,3,1,0,3,3,3.83,158,39.5,54
1,5,44,3,1,0,3,3,3.83,158,39.5,54
1,6,9,1,1,2,3,3,3.83,158,39.5,54
1,6,9,1,1,2,3,3,3.83,158,39.5,54
1,6,44,3,1,0,1,1,3.83,158,39.5,54
1,6,44,3,1,0,1,1,3.83,158,39.5,54
1,6,44,3,1,0,3,3,3.83,158,39.5,54
1,6,44,3,1,0,3,3,3.83,158,39.5,54
1,6,44,3,1,6,3,3,3.83,158,39.5,54
1,6,44,3,1,6,3,3,3.83,158,39.5,54
1,6,44,3,1,0,3,3,3.83,158,39.5,54
1,6,44,3,1,0,3,3,3.83,158,39.5,54
1,6,46,3,1,0,3,3,3.83,158,39.5,54
1,6,46,3,1,0,3,3,3.83,158,39.5,54
1,0,9,3,1,0,3,3,3.83,158,39.5,54
1,0,9,3,1,0,3,3,3.83,158,39.5,54
1,0,20,3,1,0,3,3,3.83,158,39.5,54
1,0,20,3,1,0,3,3,3.83,158,39.5,54
1,5,9,3,1,2,3,3,3.83,158,39.5,54
1,5,9,3,1,2,3,3,3.83,158,39.5,54
1,5,9,3,1,0,3,3,3.83,158,39.5,54
1,5,9,3,1,0,3,3,3.83,158,39.5,54
1,6,0,3,1,2,3,3,3.83,158,39.5,54
1,6,0,3,1,2,3,3,3.83,158,39.5,54
1,6,9,3,1,0,3,3,3.83,158,39.5,54
1,6,9,3,1,0,3,3,3.83,158,39.5,54
1,0,9,3,1,0,3,3,3.83,158,39.5,54
1,0,9,3,1,0,3,3,3.83,158,39.5,54
1,0,9,3,1,8,3,3,3.83,158,39.5,54
1,0,9,3,1,8,3,3,3.83,158,39.5,54
1,5,9,3,1,6,3,3,3.83,158,39.5,54
1,5,9,3,1,6,3,3,3.83,158,39.5,54
1,6,9,3,1,2,3,3,3.83,158,39.5,54
1,6,9,3,1,2,3,3,3.83,158,39.5,54
1,6,9,3,1,0,3,3,3.83,158,39.5,54
1,6,9,3,1,0,3,3,3.83,158,39.5,54
0,0,7,0,1,9,4,4,2.64,133,33.25,56
0,0,14,0,1,15,0,0,2.64,133,33.25,56
0,0,36,0,1,6,3,3,2.64,133,33.25,56
0,0,53,0,1,0,1,1,2.64,133,33.25,56
0,0,61,3,1,8,3,3,2.64,133,33.25,56
0,0,64,0,1,0,1,1,2.64,133,33.25,56
0,5,14,0,1,15,0,0,2.64,133,33.25,56
0,5,15,0,1,11,3,3,2.64,133,33.25,56
0,5,36,0,1,5,3,3,2.64,133,33.25,56
0,5,39,0,1,4,4,4,2.64,133,33.25,56
0,5,53,0,1,0,1,1,2.64,133,33.25,56
0,5,59,0,1,10,3,3,2.64,133,33.25,56
0,5,64,0,1,7,3,3,2.64,133,33.25,56
0,6,55,3,1,9,3,3,2.64,133,33.25,56
0,0,7,0,1,6,4,4,2.64,133,33.25,56
0,0,13,0,1,8,2,2,2.64,133,33.25,56
0,0,14,0,1,15,0,0,2.64,133,33.25,56
0,0,15,0,1,5,3,3,2.64,133,33.25,56
0,0,36,0,1,8,3,3,2.64,133,33.25,56
0,0,36,0,1,7,2,2,2.64,133,33.25,56
0,0,53,0,1,0,1,1,2.64,133,33.25,56
0,5,14,0,1,13,0,0,2.64,133,33.25,56
0,5,15,0,1,11,3,3,2.64,133,33.25,56
0,5,15,0,1,7,3,3,2.64,133,33.25,56
0,5,15,0,1,4,3,3,2.64,133,33.25,56
0,5,53,0,1,0,1,1,2.64,133,33.25,56
0,5,59,0,1,4,3,3,2.64,133,33.25,56
0,5,59,3,1,5,3,3,2.64,133,33.25,56
0,0,7,0,1,8,3,3,2.64,133,33.25,56
0,0,14,0,1,13,0,0,2.64,133,33.25,56
0,0,23,0,1,4,3,3,2.64,133,33.25,56
0,0,23,2,1,9,3,3,2.64,133,33.25,56
0,0,53,0,1,0,1,1,2.64,133,33.25,56
0,0,59,3,1,7,3,3,2.64,133,33.25,56
0,0,64,0,1,4,3,3,2.64,133,33.25,56
0,5,14,0,1,13,0,0,2.64,133,33.25,56
0,5,14,0,1,4,2,2,2.64,133,33.25,56
0,5,15,0,1,6,3,3,2.64,133,33.25,56
0,5,23,0,1,8,3,3,2.64,133,33.25,56
0,5,36,0,1,15,3,3,2.64,133,33.25,56
0,5,36,0,1,0,2,2,2.64,133,33.25,56
0,5,55,0,1,2,3,3,2.64,133,33.25,56
0,0,9,3,1,2,3,3,2.64,133,33.25,56
0,0,20,3,1,0,3,3,2.64,133,33.25,56
0,5,9,3,1,0,3,3,2.64,133,33.25,56
0,5,9,3,1,0,3,3,2.64,133,33.25,56
0,6,0,3,1,5,3,3,2.64,133,33.25,56
0,6,9,3,1,5,3,3,2.64,133,33.25,56
0,0,9,3,1,2,3,3,2.64,133,33.25,56
0,0,9,3,1,4,3,3,2.64,133,33.25,56
0,5,9,3,1,2,3,3,2.64,133,33.25,56
0,5,9,3,1,0,3,3,2.64,133,33.25,56
0,6,9,3,1,2,3,3,2.64,133,33.25,56
0,6,9,3,1,5,3,3,2.64,133,33.25,56
0,6,9,3,1,15,0,0,2.64,133,33.25,56
1,0,7,0,1,0,4,4,3.4,155,38.75,65
1,0,14,0,1,15,0,0,3.4,155,38.75,65
1,0,21,0,1,0,3,3,3.4,155,38.75,65
1,0,21,0,1,0,2,2,3.4,155,38.75,65
1,0,28,0,1,15,1,1,3.4,155,38.75,65
1,0,36,0,1,4,3,3,3.4,155,38.75,65
1,0,64,0,1,0,3,3,3.4,155,38.75,65
1,5,7,0,1,0,4,4,3.4,155,38.75,65
1,5,14,0,1,15,0,0,3.4,155,38.75,65
1,5,21,0,1,2,3,3,3.4,155,38.75,65
1,5,35,0,1,6,3,3,3.4,155,38.75,65
1,5,36,0,1,4,3,3,3.4,155,38.75,65
1,5,64,0,1,2,3,3,3.4,155,38.75,65
1,0,14,0,1,15,0,0,3.4,155,38.75,65
1,0,15,0,1,17,3,0,3.4,155,38.75,65
1,0,21,0,1,0,3,3,3.4,155,38.75,65
1,0,53,0,1,0,1,1,3.4,155,38.75,65
1,0,55,0,1,5,3,3,3.4,155,38.75,65
1,0,59,0,1,8,3,3,3.4,155,38.75,65
1,0,61,3,1,7,3,3,3.4,155,38.75,65
1,5,14,0,1,15,0,0,3.4,155,38.75,65
1,5,14,0,1,2,2,2,3.4,155,38.75,65
1,5,15,3,1,0,3,3,3.4,155,38.75,65
1,5,15,0,1,6,3,3,3.4,155,38.75,65
1,5,15,0,1,4,3,3,3.4,155,38.75,65
1,5,36,0,1,2,3,3,3.4,155,38.75,65
1,5,36,0,1,0,2,2,3.4,155,38.75,65
1,0,6,0,1,8,3,3,3.4,155,38.75,65
1,0,6,0,1,4,1,1,3.4,155,38.75,65
1,0,7,0,1,7,2,2,3.4,155,38.75,65
1,0,14,0,1,15,0,0,3.4,155,38.75,65
1,0,15,3,1,0,3,3,3.4,155,38.75,65
1,0,15,0,1,5,3,3,3.4,155,38.75,65
1,0,15,0,1,2,3,3,3.4,155,38.75,65
1,0,53,0,1,0,1,1,3.4,155,38.75,65
1,5,14,0,1,15,0,0,3.4,155,38.75,65
1,5,15,0,1,5,3,3,3.4,155,38.75,65
1,5,15,0,1,4,3,3,3.4,155,38.75,65
1,5,15,0,1,15,3,3,3.4,155,38.75,65
1,5,44,3,1,2,3,3,3.4,155,38.75,65
1,5,59,0,1,4,3,3,3.4,155,38.75,65
1,0,3,0,1,15,4,4,3.4,155,38.75,65
1,0,9,0,1,2,3,3,3.4,155,38.75,65
1,0,14,0,1,15,0,0,3.4,155,38.75,65
1,0,15,0,1,2,3,3,3.4,155,38.75,65
1,0,15,0,1,0,1,1,3.4,155,38.75,65
1,0,39,0,1,0,4,4,3.4,155,38.75,65
1,5,3,0,1,4,4,4,3.4,155,38.75,65
1,5,14,0,1,15,0,0,3.4,155,38.75,65
1,5,15,0,1,15,3,3,3.4,155,38.75,65
1,5,15,0,1,2,2,2,3.4,155,38.75,65
1,5,39,3,1,4,3,3,3.4,155,38.75,65
1,5,9,3,1,2,3,3,3.4,155,38.75,65
1,5,9,3,1,0,3,3,3.4,155,38.75,65
1,6,9,3,1,5,3,3,3.4,155,38.75,65
1,6,9,3,1,0,3,3,3.4,155,38.75,65
1,0,9,3,1,6,3,3,3.4,155,38.75,65
1,0,20,3,1,0,3,3,3.4,155,38.75,65
1,5,9,3,1,2,3,3,3.4,155,38.75,65
1,5,9,3,1,2,3,3,3.4,155,38.75,65
1,6,0,3,1,4,3,3,3.4,155,38.75,65
1,6,9,3,1,0,3,3,3.4,155,38.75,65
1,0,9,3,1,2,3,3,3.4,155,38.75,65
1,0,9,3,1,4,3,3,3.4,155,38.75,65
1,0,9,3,1,15,0,0,3.4,155,38.75,65
0,0,14,0,1,15,0,0,3.47,131,32.75,58
0,0,15,0,1,11,3,3,3.47,131,32.75,58
0,0,21,0,1,0,3,3,3.47,131,32.75,58
0,0,28,0,1,15,1,1,3.47,131,32.75,58
0,0,36,0,1,6,3,3,3.47,131,32.75,58
0,0,53,0,1,0,1,1,3.47,131,32.75,58
0,0,64,0,1,16,2,2,3.47,131,32.75,58
0,5,7,0,1,0,4,4,3.47,131,32.75,58
0,5,13,0,1,0,2,2,3.47,131,32.75,58
0,5,14,0,1,15,0,0,3.47,131,32.75,58
0,5,21,0,1,2,2,2,3.47,131,32.75,58
0,5,36,0,1,5,3,3,3.47,131,32.75,58
0,5,53,0,1,0,1,1,3.47,131,32.75,58
0,5,64,0,1,2,3,3,3.47,131,32.75,58
0,0,6,0,1,4,3,3,3.47,131,32.75,58
0,0,6,0,1,5,1,1,3.47,131,32.75,58
0,0,7,0,1,0,3,3,3.47,131,32.75,58
0,0,14,0,1,15,0,0,3.47,131,32.75,58
0,0,21,0,1,0,3,3,3.47,131,32.75,58
0,0,39,0,1,0,3,3,3.47,131,32.75,58
0,0,53,0,1,0,1,1,3.47,131,32.75,58
0,0,64,0,1,9,3,3,3.47,131,32.75,58
0,5,14,0,1,13,0,0,3.47,131,32.75,58
0,5,21,0,1,5,3,3,3.47,131,32.75,58
0,5,25,0,1,0,3,3,3.47,131,32.75,58
0,5,35,0,1,5,3,3,3.47,131,32.75,58
0,5,36,0,1,2,3,3,3.47,131,32.75,58
0,5,39,0,1,6,3,3,3.47,131,32.75,58
0,5,59,0,1,6,3,3,3.47,131,32.75,58
0,0,0,0,1,4,3,3,3.47,131,32.75,58
0,0,7,0,1,4,3,3,3.47,131,32.75,58
0,0,9,0,1,0,3,3,3.47,131,32.75,58
0,0,9,0,1,5,3,3,3.47,131,32.75,58
0,0,14,0,1,15,0,0,3.47,131,32.75,58
0,0,46,0,1,2,3,3,3.47,131,32.75,58
0,0,53,0,1,0,1,1,3.47,131,32.75,58
0,5,0,0,1,5,3,3,3.47,131,32.75,58
0,5,9,3,1,2,3,3,3.47,131,32.75,58
0,5,14,0,1,15,0,0,3.47,131,32.75,58
0,5,20,0,1,0,3,3,3.47,131,32.75,58
0,5,46,3,1,0,3,3,3.47,131,32.75,58
0,5,55,0,1,0,3,3,3.47,131,32.75,58
0,5,64,0,1,0,3,3,3.47,131,32.75,58
0,6,9,0,1,15,3,3,3.47,131,32.75,58
0,0,14,0,1,15,0,0,3.47,131,32.75,58
0,0,14,0,1,2,2,2,3.47,131,32.75,58
0,0,20,0,1,0,3,3,3.47,131,32.75,58
0,0,39,0,1,4,3,3,3.47,131,32.75,58
0,0,46,3,1,5,3,3,3.47,131,32.75,58
0,0,46,3,1,2,3,3,3.47,131,32.75,58
0,0,53,0,1,0,1,1,3.47,131,32.75,58
0,5,9,0,1,2,3,3,3.47,131,32.75,58
0,5,9,3,1,4,3,3,3.47,131,32.75,58
0,5,9,0,1,5,3,3,3.47,131,32.75,58
0,5,9,3,1,2,3,3,3.47,131,32.75,58
0,5,9,0,1,2,3,3,3.47,131,32.75,58
0,5,14,0,1,15,0,0,3.47,131,32.75,58
0,5,53,0,1,0,1,1,3.47,131,32.75,58
0,0,7,0,1,0,4,4,3.6,167,41.75,71
0,0,12,0,1,9,4,4,3.6,167,41.75,71
0,0,12,0,1,5,1,1,3.6,167,41.75,71
0,0,14,0,1,15,0,0,3.6,167,41.75,71
0,0,28,0,1,15,1,1,3.6,167,41.75,71
0,0,53,0,1,0,1,1,3.6,167,41.75,71
0,0,64,0,1,4,3,3,3.6,167,41.75,71
0,5,6,0,1,6,3,3,3.6,167,41.75,71
0,5,6,0,1,0,1,1,3.6,167,41.75,71
0,5,12,0,1,9,4,4,3.6,167,41.75,71
0,5,12,0,1,4,1,1,3.6,167,41.75,71
0,5,14,0,1,15,0,0,3.6,167,41.75,71
0,5,51,0,1,4,3,3,3.6,167,41.75,71
0,5,53,0,1,0,1,1,3.6,167,41.75,71
0,0,0,0,1,2,3,3,3.6,167,41.75,71
0,0,9,0,1,0,3,3,3.6,167,41.75,71
0,0,9,0,1,5,3,3,3.6,167,41.75,71
0,0,14,0,1,15,0,0,3.6,167,41.75,71
0,0,20,0,1,2,3,3,3.6,167,41.75,71
0,0,36,0,1,2,3,3,3.6,167,41.75,71
0,0,53,0,1,0,1,1,3.6,167,41.75,71
0,5,0,0,1,2,3,3,3.6,167,41.75,71
0,5,7,0,1,0,4,4,3.6,167,41.75,71
0,5,13,0,1,0,2,2,3.6,167,41.75,71
0,5,14,0,1,15,0,0,3.6,167,41.75,71
0,5,14,0,1,0,2,2,3.6,167,41.75,71
0,5,20,0,1,2,3,3,3.6,167,41.75,71
0,5,36,0,1,5,3,3,3.6,167,41.75,71
0,0,0,0,1,2,3,3,3.6,167,41.75,71
0,0,0,0,1,2,3,3,3.6,167,41.75,71
0,0,14,0,1,15,0,0,3.6,167,41.75,71
0,0,23,0,1,2,3,3,3.6,167,41.75,71
0,0,36,0,1,0,3,3,3.6,167,41.75,71
0,0,46,0,1,0,3,3,3.6,167,41.75,71
0,0,64,0,1,6,3,3,3.6,167,41.75,71
0,5,0,0,1,0,3,3,3.6,167,41.75,71
0,5,0,0,1,0,3,3,3.6,167,41.75,71
0,5,0,0,1,2,3,3,3.6,167,41.75,71
0,5,9,0,1,0,3,3,3.6,167,41.75,71
0,5,14,0,1,15,0,0,3.6,167,41.75,71
0,5,53,0,1,0,1,1,3.6,167,41.75,71
0,5,55,0,1,2,3,3,3.6,167,41.75,71
0,5,64,3,1,0,1,1,3.6,167,41.75,71
0,6,15,3,1,0,3,3,3.6,167,41.75,71
0,0,0,0,1,0,3,3,3.6,167,41.75,71
0,0,0,0,1,0,3,3,3.6,167,41.75,71
0,0,0,3,1,2,3,3,3.6,167,41.75,71
0,0,7,0,1,0,3,3,3.6,167,41.75,71
0,0,9,3,1,0,3,3,3.6,167,41.75,71
0,0,14,0,1,15,0,0,3.6,167,41.75,71
0,0,21,0,1,0,3,3,3.6,167,41.75,71
0,5,0,0,1,5,3,3,3.6,167,41.75,71
0,5,0,0,1,15,3,3,3.6,167,41.75,71
0,5,9,3,1,0,3,3,3.6,167,41.75,71
0,5,9,0,1,0,3,3,3.6,167,41.75,71
0,5,9,3,1,0,3,3,3.6,167,41.75,71
0,5,14,0,1,15,0,0,3.6,167,41.75,71
0,5,9,3,1,2,3,3,3.6,167,41.75,71
0,6,9,3,1,0,3,3,3.6,167,41.75,71
0,6,9,3,1,0,3,3,3.6,167,41.75,71
0,0,9,3,1,0,3,3,3.6,167,41.75,71
0,0,20,3,1,0,3,3,3.6,167,41.75,71
0,5,9,3,1,0,3,3,3.6,167,41.75,71
0,5,9,3,1,2,3,3,3.6,167,41.75,71
0,6,0,3,1,4,3,3,3.6,167,41.75,71
0,6,9,3,1,2,3,3,3.6,167,41.75,71
0,0,9,3,1,0,3,3,3.6,167,41.75,71
0,0,9,3,1,2,3,3,3.6,167,41.75,71
0,5,9,3,1,2,3,3,3.6,167,41.75,71
0,5,9,3,1,15,0,0,3.6,167,41.75,71
1,6,39,0,1,5,3,3,3.33,124,31,51
1,0,0,0,1,2,3,3,3.33,124,31,51
1,0,7,0,1,7,2,2,3.33,124,31,51
1,0,9,0,1,4,3,3,3.33,124,31,51
1,0,14,0,1,15,0,0,3.33,124,31,51
1,0,53,0,1,0,1,1,3.33,124,31,51
1,0,55,0,1,4,3,3,3.33,124,31,51
1,0,64,0,1,6,3,3,3.33,124,31,51
1,5,0,0,1,2,3,3,3.33,124,31,51
1,5,13,0,1,5,2,2,3.33,124,31,51
1,5,14,0,1,13,0,0,3.33,124,31,51
1,5,20,0,1,2,3,3,3.33,124,31,51
1,5,35,3,1,8,3,3,3.33,124,31,51
1,5,36,0,1,5,3,3,3.33,124,31,51
1,5,53,0,1,0,1,1,3.33,124,31,51
1,0,0,0,1,6,3,3,3.33,124,31,51
1,0,0,0,1,4,3,3,3.33,124,31,51
1,0,14,0,1,13,0,0,3.33,124,31,51
1,0,20,3,1,5,3,3,3.33,124,31,51
1,0,39,0,1,6,3,3,3.33,124,31,51
1,0,46,0,1,2,3,3,3.33,124,31,51
1,0,53,0,1,0,1,1,3.33,124,31,51
1,0,64,0,1,0,1,1,3.33,124,31,51
1,5,0,0,1,0,3,3,3.33,124,31,51
1,5,0,0,1,0,3,3,3.33,124,31,51
1,5,0,0,1,4,3,3,3.33,124,31,51
1,5,9,0,1,5,3,3,3.33,124,31,51
1,5,14,0,1,13,0,0,3.33,124,31,51
1,6,44,3,1,4,3,3,3.33,124,31,51
1,6,44,3,1,4,3,3,3.33,124,31,51
1,0,0,2,1,2,3,3,3.33,124,31,51
1,0,0,2,1,0,3,3,3.33,124,31,51
1,0,0,0,1,2,3,3,3.33,124,31,51
1,0,0,0,1,2,3,3,3.33,124,31,51
1,0,0,3,1,0,3,3,3.33,124,31,51
1,0,9,0,1,5,3,3,3.33,124,31,51
1,0,14,0,1,13,0,0,3.33,124,31,51
1,5,0,0,1,15,3,3,3.33,124,31,51
1,5,0,3,1,2,3,3,3.33,124,31,51
1,5,9,3,1,0,3,3,3.33,124,31,51
1,5,9,3,1,2,3,3,3.33,124,31,51
1,6,0,3,1,2,3,3,3.33,124,31,51
1,6,0,3,1,2,3,3,3.33,124,31,51
1,6,9,3,1,0,3,3,3.33,124,31,51
1,6,9,3,1,5,3,3,3.33,124,31,51
1,0,0,3,1,0,3,3,3.33,124,31,51
1,0,9,3,1,5,3,3,3.33,124,31,51
1,0,9,3,1,0,3,3,3.33,124,31,51
1,0,9,3,1,15,0,0,3.33,124,31,51
1,0,20,3,1,0,3,3,3.33,124,31,51
0,0,0,3,1,4,3,3,3.56,174,43.5,70
0,0,0,3,1,4,3,3,3.56,174,43.5,70
0,0,9,0,1,5,3,3,3.56,174,43.5,70
0,0,9,0,1,5,3,3,3.56,174,43.5,70
0,0,9,0,1,0,3,3,3.56,174,43.5,70
0,0,9,0,1,0,3,3,3.56,174,43.5,70
0,0,9,0,1,5,3,3,3.56,174,43.5,70
0,0,9,0,1,5,3,3,3.56,174,43.5,70
0,0,14,0,1,15,0,0,3.56,174,43.5,70
0,0,14,0,1,15,0,0,3.56,174,43.5,70
0,0,53,0,1,0,1,1,3.56,174,43.5,70
0,0,53,0,1,0,1,1,3.56,174,43.5,70
0,5,7,0,1,0,4,4,3.56,174,43.5,70
0,5,7,0,1,0,4,4,3.56,174,43.5,70
0,5,9,0,1,2,3,3,3.56,174,43.5,70
0,5,9,0,1,2,3,3,3.56,174,43.5,70
0,5,14,0,1,15,0,0,3.56,174,43.5,70
0,5,14,0,1,15,0,0,3.56,174,43.5,70
0,5,39,3,1,4,3,3,3.56,174,43.5,70
0,5,39,3,1,4,3,3,3.56,174,43.5,70
0,5,44,3,1,6,3,3,3.56,174,43.5,70
0,5,44,3,1,6,3,3,3.56,174,43.5,70
0,5,64,3,1,0,1,1,3.56,174,43.5,70
0,5,64,3,1,0,1,1,3.56,174,43.5,70
0,0,7,0,1,0,3,3,3.56,174,43.5,70
0,0,7,0,1,0,3,3,3.56,174,43.5,70
0,0,7,0,1,0,3,3,3.56,174,43.5,70
0,0,7,0,1,0,3,3,3.56,174,43.5,70
0,0,9,0,1,2,3,3,3.56,174,43.5,70
0,0,9,0,1,2,3,3,3.56,174,43.5,70
0,0,14,0,1,13,0,0,3.56,174,43.5,70
0,0,14,0,1,13,0,0,3.56,174,43.5,70
0,0,46,0,1,0,3,3,3.56,174,43.5,70
0,0,46,0,1,0,3,3,3.56,174,43.5,70
0,5,9,0,1,4,3,3,3.56,174,43.5,70
0,5,9,0,1,4,3,3,3.56,174,43.5,70
0,5,9,0,1,2,3,3,3.56,174,43.5,70
0,5,9,0,1,2,3,3,3.56,174,43.5,70
0,5,9,0,1,15,3,3,3.56,174,43.5,70
0,5,9,0,1,15,3,3,3.56,174,43.5,70
0,5,9,0,1,2,3,3,3.56,174,43.5,70
0,5,9,0,1,2,3,3,3.56,174,43.5,70
0,5,14,0,1,13,0,0,3.56,174,43.5,70
0,5,14,0,1,13,0,0,3.56,174,43.5,70
0,0,9,3,1,5,3,3,3.56,174,43.5,70
0,0,9,3,1,5,3,3,3.56,174,43.5,70
0,0,9,3,1,0,3,3,3.56,174,43.5,70
0,0,9,3,1,0,3,3,3.56,174,43.5,70
0,0,9,3,1,0,3,3,3.56,174,43.5,70
0,0,9,3,1,0,3,3,3.56,174,43.5,70
0,0,20,3,1,0,3,3,3.56,174,43.5,70
0,0,20,3,1,0,3,3,3.56,174,43.5,70
0,5,9,3,1,2,3,3,3.56,174,43.5,70
0,5,9,3,1,2,3,3,3.56,174,43.5,70
0,5,9,3,1,0,3,3,3.56,174,43.5,70
0,5,9,3,1,0,3,3,3.56,174,43.5,70
0,5,9,3,1,0,3,3,3.56,174,43.5,70
0,5,9,3,1,0,3,3,3.56,174,43.5,70
0,5,9,3,1,0,3,3,3.56,174,43.5,70
0,5,9,3,1,0,3,3,3.56,174,43.5,70
0,6,0,3,1,2,3,3,3.56,174,43.5,70
0,6,0,3,1,2,3,3,3.56,174,43.5,70
0,6,9,3,1,0,3,3,3.56,174,43.5,70
0,6,9,3,1,0,3,3,3.56,174,43.5,70
0,6,9,3,1,5,3,3,3.56,174,43.5,70
0,6,9,3,1,5,3,3,3.56,174,43.5,70
0,6,9,3,1,0,3,3,3.56,174,43.5,70
0,6,9,3,1,0,3,3,3.56,174,43.5,70
0,6,9,3,1,15,0,0,3.56,174,43.5,70
0,6,9,3,1,15,0,0,3.56,174,43.5,70
0,0,7,0,1,0,4,4,3.44,198,49.5,84
0,0,7,0,1,0,4,4,3.66,198,49.5,84
0,0,13,0,1,0,2,2,3.44,198,49.5,84
0,0,13,0,1,0,2,2,3.66,198,49.5,84
0,0,14,0,1,15,0,0,3.44,198,49.5,84
0,0,14,0,1,15,0,0,3.66,198,49.5,84
0,0,15,0,1,5,3,3,3.44,198,49.5,84
0,0,15,0,1,5,3,3,3.66,198,49.5,84
0,0,59,0,1,2,3,3,3.44,198,49.5,84
0,0,59,0,1,2,3,3,3.66,198,49.5,84
0,0,59,0,1,5,3,3,3.44,198,49.5,84
0,0,59,0,1,5,3,3,3.66,198,49.5,84
0,5,14,0,1,15,0,0,3.44,198,49.5,84
0,5,14,0,1,15,0,0,3.66,198,49.5,84
0,5,15,0,1,0,3,3,3.44,198,49.5,84
0,5,15,0,1,0,3,3,3.66,198,49.5,84
0,5,39,0,1,2,3,3,3.44,198,49.5,84
0,5,39,0,1,2,3,3,3.66,198,49.5,84
0,5,59,0,1,4,3,3,3.44,198,49.5,84
0,5,59,0,1,4,3,3,3.66,198,49.5,84
0,5,59,0,1,0,3,3,3.44,198,49.5,84
0,5,59,0,1,0,3,3,3.66,198,49.5,84
0,0,14,0,1,15,0,0,3.44,198,49.5,84
0,0,14,0,1,15,0,0,3.66,198,49.5,84
0,0,15,0,1,5,3,3,3.44,198,49.5,84
0,0,15,0,1,5,3,3,3.66,198,49.5,84
0,0,15,0,1,0,3,3,3.44,198,49.5,84
0,0,15,0,1,0,3,3,3.66,198,49.5,84
0,0,59,0,1,5,3,3,3.44,198,49.5,84
0,0,59,0,1,5,3,3,3.66,198,49.5,84
0,0,59,0,1,2,3,3,3.44,198,49.5,84
0,0,59,0,1,2,3,3,3.66,198,49.5,84
0,0,59,0,1,0,3,3,3.44,198,49.5,84
0,0,59,0,1,0,3,3,3.66,198,49.5,84
0,0,59,0,1,5,3,3,3.44,198,49.5,84
0,0,59,0,1,5,3,3,3.66,198,49.5,84
0,5,7,3,1,0,4,4,3.44,198,49.5,84
0,5,7,3,1,0,4,4,3.66,198,49.5,84
0,5,14,0,1,13,0,0,3.44,198,49.5,84
0,5,14,0,1,13,0,0,3.66,198,49.5,84
0,5,15,0,1,5,3,3,3.44,198,49.5,84
0,5,15,0,1,5,3,3,3.66,198,49.5,84
0,5,39,0,1,2,3,3,3.44,198,49.5,84
0,5,39,0,1,2,3,3,3.66,198,49.5,84
0,5,59,0,1,2,3,3,3.44,198,49.5,84
0,5,59,0,1,2,3,3,3.66,198,49.5,84
0,5,59,0,1,2,3,3,3.44,198,49.5,84
0,5,59,0,1,2,3,3,3.66,198,49.5,84
0,5,59,0,1,0,2,2,3.44,198,49.5,84
0,5,59,0,1,0,2,2,3.66,198,49.5,84
0,0,9,3,1,2,3,3,3.44,198,49.5,84
0,0,9,3,1,2,3,3,3.66,198,49.5,84
0,0,20,3,1,0,3,3,3.44,198,49.5,84
0,0,20,3,1,0,3,3,3.66,198,49.5,84
0,5,9,3,1,2,3,3,3.44,198,49.5,84
0,5,9,3,1,2,3,3,3.66,198,49.5,84
0,5,9,3,1,0,3,3,3.44,198,49.5,84
0,5,9,3,1,0,3,3,3.66,198,49.5,84
0,6,0,3,1,0,3,3,3.44,198,49.5,84
0,6,0,3,1,0,3,3,3.66,198,49.5,84
0,6,9,3,1,2,3,3,3.44,198,49.5,84
0,6,9,3,1,2,3,3,3.66,198,49.5,84
0,0,9,3,1,4,3,3,3.44,198,49.5,84
0,0,9,3,1,4,3,3,3.66,198,49.5,84
0,0,9,3,1,7,3,3,3.44,198,49.5,84
0,0,9,3,1,7,3,3,3.66,198,49.5,84
0,5,9,3,1,5,3,3,3.44,198,49.5,84
0,5,9,3,1,5,3,3,3.66,198,49.5,84
0,5,9,3,1,5,3,3,3.44,198,49.5,84
0,5,9,3,1,5,3,3,3.66,198,49.5,84
0,6,9,3,1,5,3,3,3.44,198,49.5,84
0,6,9,3,1,5,3,3,3.66,198,49.5,84
0,6,9,3,1,5,3,3,3.44,198,49.5,84
0,6,9,3,1,5,3,3,3.66,198,49.5,84
0,6,9,3,1,13,0,0,3.44,198,49.5,84
0,6,9,3,1,13,0,0,3.66,198,49.5,84
0,5,9,3,1,13,0,0,3.44,198,49.5,84
0,5,9,3,1,13,0,0,3.66,198,49.5,84
0,0,9,3,1,13,0,0,3.44,198,49.5,84
0,0,9,3,1,13,0,0,3.66,198,49.5,84
0,5,9,3,1,13,0,0,3.44,198,49.5,84
0,5,9,3,1,13,0,0,3.66,198,49.5,84
0,0,9,3,1,13,0,0,3.44,198,49.5,84
0,0,9,3,1,13,0,0,3.66,198,49.5,84
0,0,7,3,1,2,4,4,3.2,204,51,70
0,0,7,3,1,2,4,4,3.2,204,51,70
0,0,55,3,1,8,3,3,3.2,204,51,70
0,0,55,3,1,8,3,3,3.2,204,51,70
0,5,7,3,1,2,4,4,3.2,204,51,70
0,5,7,3,1,2,4,4,3.2,204,51,70
0,5,20,3,1,7,3,3,3.2,204,51,70
0,5,20,3,1,7,3,3,3.2,204,51,70
0,5,35,3,1,0,3,3,3.2,204,51,70
0,5,35,3,1,0,3,3,3.2,204,51,70
0,5,44,3,1,0,3,3,3.2,204,51,70
0,5,44,3,1,0,3,3,3.2,204,51,70
0,5,64,3,1,0,1,1,3.2,204,51,70
0,5,64,3,1,0,1,1,3.2,204,51,70
0,6,23,3,1,5,3,3,3.2,204,51,70
0,6,23,3,1,5,3,3,3.2,204,51,70
0,6,44,3,1,6,3,3,3.2,204,51,70
0,6,44,3,1,6,3,3,3.2,204,51,70
0,6,44,3,1,2,3,3,3.2,204,51,70
0,6,44,3,1,2,3,3,3.2,204,51,70
0,6,46,3,1,8,3,3,3.2,204,51,70
0,6,46,3,1,8,3,3,3.2,204,51,70
0,0,0,3,1,4,3,3,3.2,204,51,70
0,0,0,3,1,4,3,3,3.2,204,51,70
0,0,0,3,1,6,3,3,3.2,204,51,70
0,0,0,3,1,6,3,3,3.2,204,51,70
0,0,44,3,1,8,3,3,3.2,204,51,70
0,0,44,3,1,8,3,3,3.2,204,51,70
0,0,44,3,1,2,3,3,3.2,204,51,70
0,0,44,3,1,2,3,3,3.2,204,51,70
0,5,44,1,1,4,3,3,3.2,204,51,70
0,5,44,1,1,4,3,3,3.2,204,51,70
0,5,44,3,1,8,3,3,3.2,204,51,70
0,5,44,3,1,8,3,3,3.2,204,51,70
0,5,44,3,1,8,3,3,3.2,204,51,70
0,5,44,3,1,8,3,3,3.2,204,51,70
0,5,46,3,1,0,3,3,3.2,204,51,70
0,5,46,3,1,0,3,3,3.2,204,51,70
0,6,44,3,1,0,3,3,3.2,204,51,70
0,6,44,3,1,0,3,3,3.2,204,51,70
0,6,44,3,1,2,3,3,3.2,204,51,70
0,6,44,3,1,2,3,3,3.2,204,51,70
0,6,46,3,1,0,3,3,3.2,204,51,70
0,6,46,3,1,0,3,3,3.2,204,51,70
0,5,9,3,1,0,3,3,3.2,204,51,70
0,5,9,3,1,0,3,3,3.2,204,51,70
0,5,9,3,1,2,3,3,3.2,204,51,70
0,5,9,3,1,2,3,3,3.2,204,51,70
0,5,9,3,1,0,3,3,3.2,204,51,70
0,5,9,3,1,0,3,3,3.2,204,51,70
0,5,9,3,1,0,3,3,3.2,204,51,70
0,5,9,3,1,0,3,3,3.2,204,51,70
0,6,0,3,1,8,3,3,3.2,204,51,70
0,6,0,3,1,8,3,3,3.2,204,51,70
0,6,9,3,1,0,3,3,3.2,204,51,70
0,6,9,3,1,0,3,3,3.2,204,51,70
0,6,9,3,1,2,3,3,3.2,204,51,70
0,6,9,3,1,2,3,3,3.2,204,51,70
0,6,9,3,1,0,3,3,3.2,204,51,70
0,6,9,3,1,0,3,3,3.2,204,51,70
0,0,9,3,1,0,3,3,3.2,204,51,70
0,0,9,3,1,0,3,3,3.2,204,51,70
0,0,9,3,1,0,3,3,3.2,204,51,70
0,0,9,3,1,0,3,3,3.2,204,51,70
0,0,9,3,1,0,3,3,3.2,204,51,70
0,0,9,3,1,0,3,3,3.2,204,51,70
0,0,9,3,1,15,0,0,3.2,204,51,70
0,0,9,3,1,15,0,0,3.2,204,51,70
0,0,20,3,1,2,3,3,3.2,204,51,70
0,0,20,3,1,2,3,3,3.2,204,51,70
1,0,7,0,1,0,3,3,3.81,146,36.5,61
1,0,9,0,1,0,3,3,3.81,146,36.5,61
1,0,14,0,1,15,0,0,3.81,146,36.5,61
1,0,21,0,1,2,3,3,3.81,146,36.5,61
1,0,28,0,1,15,1,1,3.81,146,36.5,61
1,0,36,0,1,2,3,3,3.81,146,36.5,61
1,0,53,0,1,0,1,1,3.81,146,36.5,61
1,5,6,0,1,2,3,3,3.81,146,36.5,61
1,5,6,0,1,0,1,1,3.81,146,36.5,61
1,5,7,0,1,0,3,3,3.81,146,36.5,61
1,5,14,0,1,15,0,0,3.81,146,36.5,61
1,5,36,0,1,4,3,3,3.81,146,36.5,61
1,5,53,0,1,0,1,1,3.81,146,36.5,61
1,5,53,0,1,0,2,2,3.81,146,36.5,61
1,0,14,0,1,15,0,0,3.81,146,36.5,61
1,0,21,0,1,0,3,3,3.81,146,36.5,61
1,0,21,0,1,0,3,3,3.81,146,36.5,61
1,0,36,0,1,2,3,3,3.81,146,36.5,61
1,0,36,0,1,6,2,2,3.81,146,36.5,61
1,0,53,0,1,0,1,1,3.81,146,36.5,61
1,0,55,0,1,0,3,3,3.81,146,36.5,61
1,5,7,0,1,0,2,2,3.81,146,36.5,61
1,5,14,0,1,15,0,0,3.81,146,36.5,61
1,5,39,0,1,0,3,3,3.81,146,36.5,61
1,5,39,0,1,2,3,3,3.81,146,36.5,61
1,5,53,0,1,0,1,1,3.81,146,36.5,61
1,5,59,0,1,4,3,3,3.81,146,36.5,61
1,0,14,0,1,15,0,0,3.81,146,36.5,61
1,0,21,0,1,15,2,2,3.81,146,36.5,61
1,0,21,0,1,0,3,3,3.81,146,36.5,61
1,0,21,0,1,0,3,3,3.81,146,36.5,61
1,0,35,3,1,0,3,3,3.81,146,36.5,61
1,0,53,0,1,0,1,1,3.81,146,36.5,61
1,5,14,0,1,15,0,0,3.81,146,36.5,61
1,5,15,3,1,4,3,3,3.81,146,36.5,61
1,5,21,0,1,0,3,3,3.81,146,36.5,61
1,5,21,0,1,0,3,3,3.81,146,36.5,61
1,5,21,0,1,0,2,2,3.81,146,36.5,61
1,5,21,0,1,0,2,2,3.81,146,36.5,61
1,5,21,0,1,15,2,2,3.81,146,36.5,61
1,5,53,0,1,0,1,1,3.81,146,36.5,61
1,0,13,3,1,0,3,3,3.81,146,36.5,61
1,0,21,0,1,15,3,3,3.81,146,36.5,61
1,0,21,0,1,0,3,3,3.81,146,36.5,61
1,0,21,3,1,15,4,4,3.81,146,36.5,61
1,0,53,0,1,0,1,1,3.81,146,36.5,61
1,5,21,0,1,0,2,2,3.81,146,36.5,61
1,5,21,0,1,15,12,12,3.81,146,36.5,61
1,0,9,3,1,8,3,3,3.81,146,36.5,61
1,0,9,3,1,4,3,3,3.81,146,36.5,61
1,0,9,3,1,0,3,3,3.81,146,36.5,61
1,0,20,3,1,4,3,3,3.81,146,36.5,61
1,5,9,3,1,6,3,3,3.81,146,36.5,61
1,5,9,3,1,2,3,3,3.81,146,36.5,61
1,5,9,3,1,5,3,3,3.81,146,36.5,61
1,5,9,3,1,4,3,3,3.81,146,36.5,61
1,6,0,3,1,6,3,3,3.81,146,36.5,61
1,6,9,3,1,4,3,3,3.81,146,36.5,61
1,6,9,3,1,4,3,3,3.81,146,36.5,61
1,6,9,3,1,5,3,3,3.81,146,36.5,61
1,6,9,3,1,15,0,0,3.81,146,36.5,61
1,5,7,0,1,0,3,3,3.95,151,37.75,73
1,5,13,0,1,0,2,2,3.95,151,37.75,73
1,5,14,0,1,15,0,0,3.95,151,37.75,73
1,5,23,0,1,2,3,3,3.95,151,37.75,73
1,5,36,0,1,0,3,3,3.95,151,37.75,73
1,5,64,0,1,0,3,3,3.95,151,37.75,73
1,0,7,0,1,2,3,3,3.95,151,37.75,73
1,0,14,0,1,15,0,0,3.95,151,37.75,73
1,0,15,0,1,0,3,3,3.95,151,37.75,73
1,0,23,0,1,0,3,3,3.95,151,37.75,73
1,0,28,3,1,15,1,1,3.95,151,37.75,73
1,0,35,0,1,0,3,3,3.95,151,37.75,73
1,0,53,0,1,0,1,1,3.95,151,37.75,73
1,0,64,0,1,0,3,3,3.95,151,37.75,73
1,5,14,0,1,15,0,0,3.95,151,37.75,73
1,5,14,0,1,0,2,2,3.95,151,37.75,73
1,5,23,0,1,0,3,3,3.95,151,37.75,73
1,5,31,0,1,0,1,1,3.95,151,37.75,73
1,5,35,0,1,0,3,3,3.95,151,37.75,73
1,5,36,0,1,0,3,3,3.95,151,37.75,73
1,5,53,0,1,0,1,1,3.95,151,37.75,73
1,5,55,0,1,0,3,3,3.95,151,37.75,73
1,6,23,0,1,0,3,3,3.95,151,37.75,73
1,6,23,0,1,0,3,3,3.95,151,37.75,73
1,0,8,3,1,0,2,2,3.95,151,37.75,73
1,0,14,0,1,15,0,0,3.95,151,37.75,73
1,0,23,0,1,0,3,3,3.95,151,37.75,73
1,0,23,0,1,0,3,3,3.95,151,37.75,73
1,0,25,0,1,0,3,3,3.95,151,37.75,73
1,0,53,0,1,0,1,1,3.95,151,37.75,73
1,0,61,0,1,5,3,3,3.95,151,37.75,73
1,5,14,0,1,15,0,0,3.95,151,37.75,73
1,5,15,0,1,0,3,3,3.95,151,37.75,73
1,5,23,0,1,0,3,3,3.95,151,37.75,73
1,5,23,0,1,15,1,1,3.95,151,37.75,73
1,5,53,0,1,0,1,1,3.95,151,37.75,73
1,5,59,0,1,0,3,3,3.95,151,37.75,73
1,5,64,0,1,0,3,3,3.95,151,37.75,73
1,0,6,0,1,0,3,3,3.95,151,37.75,73
1,0,6,0,1,0,1,1,3.95,151,37.75,73
1,0,14,0,1,15,0,0,3.95,151,37.75,73
1,0,23,0,1,0,3,3,3.95,151,37.75,73
1,0,53,0,1,0,1,1,3.95,151,37.75,73
1,0,59,0,1,0,3,3,3.95,151,37.75,73
1,0,59,0,1,2,3,3,3.95,151,37.75,73
1,5,23,0,1,15,3,3,3.95,151,37.75,73
1,5,23,0,1,0,2,2,3.95,151,37.75,73
1,5,39,0,1,0,4,4,3.95,151,37.75,73
1,5,53,0,1,0,1,1,3.95,151,37.75,73
1,5,59,0,1,0,3,3,3.95,151,37.75,73
1,5,64,0,1,0,3,3,3.95,151,37.75,73
1,6,21,1,1,2,2,2,3.95,151,37.75,73
1,6,21,0,1,2,2,2,3.95,151,37.75,73
1,6,21,0,1,0,2,2,3.95,151,37.75,73
1,6,64,3,1,0,1,1,3.95,151,37.75,73
1,0,21,0,1,0,2,2,3.95,151,37.75,73
1,0,21,0,1,0,2,2,3.95,151,37.75,73
1,0,21,0,1,5,2,2,3.95,151,37.75,73
1,0,21,0,1,15,2,2,3.95,151,37.75,73
1,5,9,3,1,2,3,3,3.95,151,37.75,73
1,5,9,3,1,0,3,3,3.95,151,37.75,73
1,5,9,3,1,0,3,3,3.95,151,37.75,73
1,5,9,3,1,2,3,3,3.95,151,37.75,73
1,6,0,3,1,17,3,0,3.95,151,37.75,73
1,6,9,3,1,0,3,3,3.95,151,37.75,73
1,6,9,3,1,2,3,3,3.95,151,37.75,73
1,6,9,3,1,4,3,3,3.95,151,37.75,73
1,6,0,3,1,0,3,3,3.95,151,37.75,73
1,0,9,3,1,17,3,0,3.95,151,37.75,73
1,0,20,3,1,17,3,0,3.95,151,37.75,73
1,0,0,0,1,7,3,3,3.02,127,31.75,59
1,0,9,0,1,9,3,3,3.02,127,31.75,59
1,0,14,0,1,15,0,0,3.02,127,31.75,59
1,0,28,3,1,15,1,1,3.02,127,31.75,59
1,0,36,0,1,10,3,3,3.02,127,31.75,59
1,0,53,0,1,0,1,1,3.02,127,31.75,59
1,0,64,0,1,16,2,2,3.02,127,31.75,59
1,5,0,0,1,7,3,3,3.02,127,31.75,59
1,5,14,0,1,15,0,0,3.02,127,31.75,59
1,5,20,0,1,4,3,3,3.02,127,31.75,59
1,5,36,0,1,9,3,3,3.02,127,31.75,59
1,5,39,0,1,8,4,4,3.02,127,31.75,59
1,5,53,0,1,0,1,1,3.02,127,31.75,59
1,5,64,0,1,0,3,3,3.02,127,31.75,59
1,0,8,0,1,0,3,3,3.02,127,31.75,59
1,0,13,0,1,0,2,2,3.02,127,31.75,59
1,0,14,0,1,15,0,0,3.02,127,31.75,59
1,0,20,0,1,2,3,3,3.02,127,31.75,59
1,0,46,0,1,4,3,3,3.02,127,31.75,59
1,0,53,0,1,0,1,1,3.02,127,31.75,59
1,0,64,0,1,2,3,3,3.02,127,31.75,59
1,5,6,0,1,8,3,3,3.02,127,31.75,59
1,5,6,0,1,2,1,1,3.02,127,31.75,59
1,5,8,0,1,0,3,3,3.02,127,31.75,59
1,5,9,3,1,8,3,3,3.02,127,31.75,59
1,5,14,0,1,13,0,0,3.02,127,31.75,59
1,5,36,0,1,6,3,3,3.02,127,31.75,59
1,5,36,0,1,0,2,2,3.02,127,31.75,59
1,5,53,0,1,0,1,1,3.02,127,31.75,59
1,0,0,0,1,9,3,3,3.02,127,31.75,59
1,0,0,0,1,6,3,3,3.02,127,31.75,59
1,0,9,0,1,4,3,3,3.02,127,31.75,59
1,0,14,0,1,13,0,0,3.02,127,31.75,59
1,0,15,0,1,5,3,3,3.02,127,31.75,59
1,0,39,0,1,8,3,3,3.02,127,31.75,59
1,0,53,0,1,0,1,1,3.02,127,31.75,59
1,5,8,0,1,9,2,2,3.02,127,31.75,59
1,5,9,0,1,6,3,3,3.02,127,31.75,59
1,5,9,0,1,2,3,3,3.02,127,31.75,59
1,5,14,0,1,13,0,0,3.02,127,31.75,59
1,5,14,0,1,0,2,2,3.02,127,31.75,59
1,5,53,0,1,0,1,1,3.02,127,31.75,59
1,5,55,0,1,13,3,0,3.02,127,31.75,59
1,5,64,0,1,0,3,3,3.02,127,31.75,59
1,0,8,0,1,4,3,3,3.02,127,31.75,59
1,0,9,0,1,15,3,3,3.02,127,31.75,59
1,0,14,0,1,13,0,0,3.02,127,31.75,59
1,0,46,3,1,2,3,3,3.02,127,31.75,59
1,0,46,3,1,2,3,3,3.02,127,31.75,59
1,0,55,3,1,5,3,3,3.02,127,31.75,59
1,0,63,0,1,4,3,3,3.02,127,31.75,59
1,5,8,0,1,4,2,2,3.02,127,31.75,59
1,5,9,3,1,5,3,3,3.02,127,31.75,59
1,5,9,0,1,4,3,3,3.02,127,31.75,59
1,5,9,0,1,5,3,3,3.02,127,31.75,59
1,5,9,0,1,6,3,3,3.02,127,31.75,59
1,5,14,0,1,13,0,0,3.02,127,31.75,59
1,5,46,3,1,2,3,3,3.02,127,31.75,59
1,5,53,0,1,0,1,1,3.02,127,31.75,59
0,0,7,0,1,0,3,3,3.55,124,31,61
0,0,7,3,1,2,1,1,3.55,124,31,61
0,0,14,0,1,15,0,0,3.55,124,31,61
0,0,28,3,1,15,1,1,3.55,124,31,61
0,0,35,0,1,6,3,3,3.55,124,31,61
0,0,39,0,1,17,4,0,3.55,124,31,61
0,0,53,0,1,0,1,1,3.55,124,31,61
0,0,64,0,1,4,3,3,3.55,124,31,61
0,5,6,0,1,4,3,3,3.55,124,31,61
0,5,6,0,1,0,1,1,3.55,124,31,61
0,5,13,0,1,4,2,2,3.55,124,31,61
0,5,14,0,1,15,0,0,3.55,124,31,61
0,5,15,0,1,0,3,3,3.55,124,31,61
0,5,20,0,1,0,3,3,3.55,124,31,61
0,5,53,0,1,0,1,1,3.55,124,31,61
0,5,64,0,1,6,3,3,3.55,124,31,61
0,0,0,0,1,0,3,3,3.55,124,31,61
0,0,8,0,1,11,3,3,3.55,124,31,61
0,0,9,0,1,5,3,3,3.55,124,31,61
0,0,9,0,1,5,3,3,3.55,124,31,61
0,0,14,0,1,13,0,0,3.55,124,31,61
0,0,20,0,1,4,3,3,3.55,124,31,61
0,0,53,0,1,0,1,1,3.55,124,31,61
0,5,0,0,1,0,3,3,3.55,124,31,61
0,5,9,3,1,6,3,3,3.55,124,31,61
0,5,9,0,1,0,3,3,3.55,124,31,61
0,5,14,0,1,13,0,0,3.55,124,31,61
0,5,14,0,1,0,2,2,3.55,124,31,61
0,5,31,0,1,8,1,1,3.55,124,31,61
0,5,53,0,1,0,1,1,3.55,124,31,61
0,6,36,0,1,0,3,3,3.55,124,31,61
0,6,36,0,1,7,3,3,3.55,124,31,61
0,0,8,0,1,2,3,3,3.55,124,31,61
0,0,14,0,1,13,0,0,3.55,124,31,61
0,0,36,0,1,15,3,3,3.55,124,31,61
0,0,36,0,1,4,2,2,3.55,124,31,61
0,0,39,0,1,0,4,4,3.55,124,31,61
0,0,46,0,1,2,3,3,3.55,124,31,61
0,0,53,0,1,0,1,1,3.55,124,31,61
0,5,9,0,1,2,3,3,3.55,124,31,61
0,5,14,0,1,15,0,0,3.55,124,31,61
0,5,39,0,1,0,3,3,3.55,124,31,61
0,5,46,3,1,2,3,3,3.55,124,31,61
0,5,53,0,1,0,1,1,3.55,124,31,61
0,5,55,0,1,17,3,0,3.55,124,31,61
0,5,64,0,1,2,3,3,3.55,124,31,61
0,0,8,0,1,0,2,2,3.55,124,31,61
0,0,9,0,1,0,3,3,3.55,124,31,61
0,0,9,0,1,15,3,3,3.55,124,31,61
0,0,14,0,1,15,0,0,3.55,124,31,61
0,0,46,3,1,0,3,3,3.55,124,31,61
0,0,53,0,1,0,1,1,3.55,124,31,61
0,0,55,3,1,15,3,3,3.55,124,31,61
0,0,60,3,1,0,1,1,3.55,124,31,61
0,5,8,0,1,0,3,3,3.55,124,31,61
0,5,9,0,1,2,3,3,3.55,124,31,61
0,5,9,0,1,0,3,3,3.55,124,31,61
0,5,14,0,1,13,0,0,3.55,124,31,61
0,5,46,3,1,0,3,3,3.55,124,31,61
0,5,46,3,1,0,3,3,3.55,124,31,61
0,5,53,0,1,0,1,1,3.55,124,31,61
0,0,8,3,1,0,3,3,3.69,214,53.5,76
0,0,8,3,1,0,3,3,3.69,214,53.5,76
0,0,36,3,1,0,3,3,3.69,214,53.5,76
0,0,36,3,1,0,3,3,3.69,214,53.5,76
0,0,39,3,1,5,3,3,3.69,214,53.5,76
0,0,39,3,1,5,3,3,3.69,214,53.5,76
0,0,64,3,1,0,3,3,3.69,214,53.5,76
0,0,64,3,1,0,3,3,3.69,214,53.5,76
0,5,0,3,1,2,3,3,3.69,214,53.5,76
0,5,0,3,1,2,3,3,3.69,214,53.5,76
0,5,0,3,1,7,3,3,3.69,214,53.5,76
0,5,0,3,1,7,3,3,3.69,214,53.5,76
0,5,8,3,1,0,3,3,3.69,214,53.5,76
0,5,8,3,1,0,3,3,3.69,214,53.5,76
0,5,55,3,1,0,3,3,3.69,214,53.5,76
0,5,55,3,1,0,3,3,3.69,214,53.5,76
0,6,9,3,1,8,3,3,3.69,214,53.5,76
0,6,9,3,1,8,3,3,3.69,214,53.5,76
0,6,20,3,1,5,3,3,3.69,214,53.5,76
0,6,20,3,1,5,3,3,3.69,214,53.5,76
0,6,35,3,1,0,3,3,3.69,214,53.5,76
0,6,35,3,1,0,3,3,3.69,214,53.5,76
0,6,35,3,1,0,1,1,3.69,214,53.5,76
0,6,35,3,1,0,1,1,3.69,214,53.5,76
0,6,64,3,1,0,3,3,3.69,214,53.5,76
0,6,64,3,1,0,3,3,3.69,214,53.5,76
0,0,9,3,1,2,3,3,3.69,214,53.5,76
0,0,9,3,1,2,3,3,3.69,214,53.5,76
0,0,20,3,1,2,3,3,3.69,214,53.5,76
0,0,20,3,1,2,3,3,3.69,214,53.5,76
0,0,46,3,1,0,3,3,3.69,214,53.5,76
0,0,46,3,1,0,3,3,3.69,214,53.5,76
0,0,46,3,1,0,3,3,3.69,214,53.5,76
0,0,46,3,1,0,3,3,3.69,214,53.5,76
0,5,6,3,1,0,3,3,3.69,214,53.5,76
0,5,6,3,1,0,3,3,3.69,214,53.5,76
0,5,6,3,1,0,1,1,3.69,214,53.5,76
0,5,6,3,1,0,1,1,3.69,214,53.5,76
0,5,9,3,1,2,3,3,3.69,214,53.5,76
0,5,9,3,1,2,3,3,3.69,214,53.5,76
0,5,23,3,1,0,3,3,3.69,214,53.5,76
0,5,23,3,1,0,3,3,3.69,214,53.5,76
0,5,39,3,1,0,3,3,3.69,214,53.5,76
0,5,39,3,1,0,3,3,3.69,214,53.5,76
0,5,46,3,1,2,3,3,3.69,214,53.5,76
0,5,46,3,1,2,3,3,3.69,214,53.5,76
0,6,9,3,1,2,3,3,3.69,214,53.5,76
0,6,9,3,1,2,3,3,3.69,214,53.5,76
0,6,9,3,1,2,3,3,3.69,214,53.5,76
0,6,9,3,1,2,3,3,3.69,214,53.5,76
0,0,9,3,1,0,3,3,3.69,214,53.5,76
0,0,9,3,1,0,3,3,3.69,214,53.5,76
0,0,9,3,1,5,3,3,3.69,214,53.5,76
0,0,9,3,1,5,3,3,3.69,214,53.5,76
0,0,9,3,1,5,3,3,3.69,214,53.5,76
0,0,9,3,1,5,3,3,3.69,214,53.5,76
0,0,20,3,1,2,3,3,3.69,214,53.5,76
0,0,20,3,1,2,3,3,3.69,214,53.5,76
0,5,9,3,1,2,3,3,3.69,214,53.5,76
0,5,9,3,1,2,3,3,3.69,214,53.5,76
0,5,9,3,1,0,3,3,3.69,214,53.5,76
0,5,9,3,1,0,3,3,3.69,214,53.5,76
0,5,9,3,1,0,3,3,3.69,214,53.5,76
0,5,9,3,1,0,3,3,3.69,214,53.5,76
0,5,9,3,1,2,3,3,3.69,214,53.5,76
0,5,9,3,1,2,3,3,3.69,214,53.5,76
0,6,0,3,1,4,3,3,3.69,214,53.5,76
0,6,0,3,1,4,3,3,3.69,214,53.5,76
0,6,9,3,1,4,3,3,3.69,214,53.5,76
0,6,9,3,1,4,3,3,3.69,214,53.5,76
0,6,9,3,1,4,3,3,3.69,214,53.5,76
0,6,9,3,1,4,3,3,3.69,214,53.5,76
0,6,9,3,1,5,3,3,3.69,214,53.5,76
0,6,9,3,1,5,3,3,3.69,214,53.5,76
0,6,9,3,1,15,0,0,3.69,214,53.5,76
0,6,9,3,1,15,0,0,3.69,214,53.5,76
1,0,8,0,1,15,2,2,3.67,128,32,64
1,0,8,0,1,15,2,2,3.67,128,32,64
1,0,9,0,1,2,3,3,3.67,128,32,64
1,0,9,0,1,2,3,3,3.67,128,32,64
1,0,14,0,1,15,0,0,3.67,128,32,64
1,0,14,0,1,15,0,0,3.67,128,32,64
1,0,20,0,1,4,3,3,3.67,128,32,64
1,0,20,0,1,4,3,3,3.67,128,32,64
1,0,53,0,1,0,1,1,3.67,128,32,64
1,0,53,0,1,0,1,1,3.67,128,32,64
1,0,55,0,1,8,3,3,3.67,128,32,64
1,0,55,0,1,8,3,3,3.67,128,32,64
1,0,64,3,1,2,3,3,3.67,128,32,64
1,0,64,3,1,2,3,3,3.67,128,32,64
1,5,8,0,1,2,3,3,3.67,128,32,64
1,5,8,0,1,2,3,3,3.67,128,32,64
1,5,9,0,1,2,3,3,3.67,128,32,64
1,5,9,0,1,2,3,3,3.67,128,32,64
1,5,9,0,1,2,3,3,3.67,128,32,64
1,5,9,0,1,2,3,3,3.67,128,32,64
1,5,14,0,1,15,0,0,3.67,128,32,64
1,5,14,0,1,15,0,0,3.67,128,32,64
1,5,14,0,1,0,2,2,3.67,128,32,64
1,5,14,0,1,0,2,2,3.67,128,32,64
1,5,20,0,1,2,3,3,3.67,128,32,64
1,5,20,0,1,2,3,3,3.67,128,32,64
1,5,53,0,1,0,1,1,3.67,128,32,64
1,5,53,0,1,0,1,1,3.67,128,32,64
1,0,8,0,1,2,3,3,3.67,128,32,64
1,0,8,0,1,2,3,3,3.67,128,32,64
1,0,9,1,1,0,3,3,3.67,128,32,64
1,0,9,1,1,0,3,3,3.67,128,32,64
1,0,14,0,1,15,0,0,3.67,128,32,64
1,0,14,0,1,15,0,0,3.67,128,32,64
1,0,46,0,1,2,3,3,3.67,128,32,64
1,0,46,0,1,2,3,3,3.67,128,32,64
1,0,46,3,1,2,3,3,3.67,128,32,64
1,0,46,3,1,2,3,3,3.67,128,32,64
1,0,46,3,1,0,3,3,3.67,128,32,64
1,0,46,3,1,0,3,3,3.67,128,32,64
1,0,53,0,1,0,1,1,3.67,128,32,64
1,0,53,0,1,0,1,1,3.67,128,32,64
1,5,9,0,1,2,3,3,3.67,128,32,64
1,5,9,0,1,2,3,3,3.67,128,32,64
1,5,9,0,1,15,3,3,3.67,128,32,64
1,5,9,0,1,15,3,3,3.67,128,32,64
1,5,9,0,1,0,3,3,3.67,128,32,64
1,5,9,0,1,0,3,3,3.67,128,32,64
1,5,9,2,1,0,3,3,3.67,128,32,64
1,5,9,2,1,0,3,3,3.67,128,32,64
1,5,14,0,1,15,0,0,3.67,128,32,64
1,5,14,0,1,15,0,0,3.67,128,32,64
1,5,46,3,1,0,3,3,3.67,128,32,64
1,5,46,3,1,0,3,3,3.67,128,32,64
1,5,46,0,1,2,3,3,3.67,128,32,64
1,5,46,0,1,2,3,3,3.67,128,32,64
